date,time,merchant_raw,amount_chf,payer,category,moment
2024-06-15,10:49,MIGROS 6010 08.01.25,16.77,Ada,Groceries,everyday
2024-06-15,13:05,RESTAURANT SANTA LUCIA,52.56,Ada,Dining,everyday
2024-06-15,13:37,KEBAB HOUSE WALLISELLEN,12.80,Noemi,Dining,everyday
2024-06-15,19:52,COOP PRONTO 3346 NO. 52166087,12.72,Noemi,Groceries,everyday
2024-06-15,20:47,Pathe Spreitenbach BERN,38.29,Ada,Entertainment,date_night
2024-06-16,16:28,OPERNHAUS ZUERICH FIL.7599,161.55,Ada,Entertainment,everyday
2024-06-17,13:09,blumengalerie seefeld,66.47,Noemi,Gifts,gift
2024-06-17,18:38,Christ Uhren Schmuck 17.10.25 CARD*8037,88.35,Ada,Gifts,gift
2024-06-18,09:17,COOP PRONTO/ZUERICH WIEDIKON,26.39,Noemi,Groceries,everyday
2024-06-18,15:08,UBER TRIP,31.12,Ada,Transport,everyday
2024-06-18,15:34,Interflora NR.639,72.13,Noemi,Gifts,gift
2024-06-18,19:17,Airbnb Payments,254.49,Ada,Travel,trip
2024-06-19,09:46,Migros FIL.2620 28.08.24,74.49,Noemi,Groceries,everyday
2024-06-19,17:02,LIDL SCHWEIZ NR.7214 SUISSE,14.62,Noemi,Groceries,everyday
2024-06-19,17:42,Migros ZUERICH OERLIKON 24.05.24 CH,21.14,Ada,Groceries,gift
2024-06-19,20:03,AIRBNB PAYMENTS REF 75885401,326.13,Bruno,Travel,trip
2024-06-20,07:02,Cafe Spruengli,21.10,Ada,Cafes,everyday
2024-06-20,09:09,starbucks USTER NO. 18604462,9.15,Bruno,Cafes,everyday
2024-06-20,18:57,Pathe Spreitenbach,30.73,Ada,Entertainment,everyday
2024-06-21,06:44,UBER TRIP,50.56,Bruno,Transport,everyday
2024-06-21,12:31,depot zuerich //THALWIL,71.25,Noemi,Home,trip
2024-06-21,13:09,MCDONALDS/ZUERICH OERLIKON,18.68,Ada,Dining,everyday
2024-06-21,13:23,OPERNHAUS ZUERICH 9030,134.21,Ada,Entertainment,everyday
2024-06-21,13:23,christ uhren schmuck KLOTEN,343.01,Ada,Gifts,gift
2024-06-21,14:32,APOTHEKE ZUR ROSE Schlieren 241,49.37,Ada,Health,everyday
2024-06-21,16:13,SBB CFF FFS DIETIKON STORE9013 SCHWEIZ,31.38,Bruno,Transport,everyday
2024-06-21,16:20,Pfister Moebel,119.66,Ada,Home,everyday
2024-06-21,18:36,PARKHAUS HOHE PROMENADE/Zuerich 23.12.25,4.82,Bruno,Transport,everyday
2024-06-21,18:48,PARKHAUS HOHE PROMENADE NR.5945,5.13,Noemi,Transport,everyday
2024-06-21,19:02,Tibits NR.159 01.04.25,12.26,Ada,Dining,everyday
2024-06-21,19:21,MIGROS Basel NR.2527,104.54,Bruno,Groceries,everyday
2024-06-21,19:25,SUSHI ZEN //DIETIKON,56.40,Ada,Dining,date_night
2024-06-21,20:48,RESTAURANT LINDE/ST GALLEN 1487,53.12,Noemi,Dining,date_night
2024-06-22,08:44,UBER TRIP/St Gallen CARD*2059,19.85,Ada,Transport,everyday
2024-06-22,08:49,VICAFE Schlieren KD.NR 73345919,7.40,Ada,Cafes,everyday
2024-06-22,11:33,DEPOT ZUERICH 14.07.25,87.76,Bruno,Home,everyday
2024-06-22,17:58,SPAR EXPRESS WINTERTHUR 25.01.26,20.56,Bruno,Groceries,everyday
2024-06-23,08:24,TAXI ZUERICH,69.57,Ada,Transport,everyday
2024-06-23,11:41,le dezaley,127.92,Bruno,Dining,everyday
2024-06-24,17:14,globus,26.64,Noemi,Gifts,gift
2024-06-25,08:40,SBB CFF FFS NR.3956,32.97,Ada,Transport,everyday
2024-06-25,09:33,coffee stop 357,5.87,Ada,Cafes,everyday
2024-06-25,19:31,MIGROS MM ZUERICH HB //ZUERICH 05.12.26,17.51,Noemi,Groceries,everyday
2024-06-26,07:33,CAFE SPRUENGLI/ZUERICH WIEDIKON STORE4409,13.79,Bruno,Cafes,everyday
2024-06-26,11:01,DENNER ZUERICH,24.88,Noemi,Groceries,everyday
2024-06-26,14:16,Bp Tankstelle,42.38,Bruno,Transport,everyday
2024-06-27,11:18,booking.com Zurich,164.02,Noemi,Travel,trip
2024-06-27,11:34,JELMOLI BASEL FIL.4985,108.37,Ada,Gifts,gift
2024-06-27,11:43,MANOR Schlieren,45.93,Noemi,Gifts,gift
2024-06-27,16:56,ALNATURA ZUERICH,36.95,Ada,Groceries,everyday
2024-06-27,17:36,EASYJET,662.22,Noemi,Travel,trip
2024-06-27,21:22,Kronenhalle NR.8946 25.12.25,376.64,Bruno,Dining,date_night
2024-06-28,07:44,Vicafe CARD*1131,4.14,Bruno,Cafes,everyday
2024-06-28,16:03,SBB CFF FFS,32.87,Bruno,Transport,everyday
2024-06-28,16:33,MIGROS 7603,37.20,Noemi,Groceries,trip
2024-06-28,18:23,le dezaley/SCHLIEREN,152.84,Ada,Dining,date_night
2024-06-28,19:49,LE DEZALEY 26.08.26,103.31,Noemi,Dining,date_night
2024-06-29,08:38,Swiss International Air Lines,109.29,Ada,Travel,trip
2024-06-29,16:47,Depot Zuerich BERN,79.58,Ada,Home,everyday
2024-06-29,18:27,UBER TRIP,14.24,Ada,Transport,everyday
2024-06-29,18:30,KINO ARENA,50.27,Bruno,Entertainment,date_night
2024-06-30,15:19,SPAR EXPRESS,9.77,Ada,Groceries,everyday
2024-06-30,19:13,Brasserie Lipp Zuerich 18.06.24 CARD*8830,70.36,Noemi,Dining,date_night
2024-06-30,20:54,KAUFLEUTEN ST GALLEN NR.5264,34.11,Bruno,Entertainment,date_night
2024-07-01,04:00,SPOTIFY,13.35,Bruno,Subscriptions,everyday
2024-07-01,16:05,AMAVITA APOTHEKE,35.78,Bruno,Health,everyday
2024-07-01,16:10,AIRBNB PAYMENTS WIEN,221.80,Noemi,Travel,trip
2024-07-01,16:31,MERCADO ARTESANAL,28.27,Noemi,Gifts,trip
2024-07-01,16:45,PARKHAUS HOHE PROMENADE,25.49,Noemi,Transport,everyday
2024-07-01,17:00,Denner,23.81,Noemi,Groceries,everyday
2024-07-01,18:32,COOP Winterthur 11.11.26,31.83,Bruno,Groceries,everyday
2024-07-01,19:06,OPERNHAUS ZUERICH TID 81516807,189.03,Bruno,Entertainment,date_night
2024-07-02,09:40,PASTELARIA BELEM 6279,6.72,Noemi,Cafes,trip
2024-07-02,12:35,BISTRO LE PETIT Wien STORE6467,47.87,Bruno,Dining,trip
2024-07-02,15:19,denner //Zuerich Wiedikon 20.02.26,28.58,Bruno,Groceries,everyday
2024-07-02,18:20,RESTAURANTE DO FADO WIEN 5614,36.81,Ada,Dining,trip
2024-07-02,20:05,HOTEL ADLER LUZERN CARD*4841,185.32,Ada,Travel,everyday
2024-07-02,21:13,Osteria Del Borgo,99.23,Noemi,Dining,trip
2024-07-03,06:33,Trenitalia //ATHEN FIL.8616,57.55,Bruno,Transport,trip
2024-07-03,15:37,BLUMENGALERIE SEEFELD WALLISELLEN,27.18,Ada,Gifts,gift
2024-07-03,18:44,Migros/ST GALLEN,24.97,Noemi,Groceries,trip
2024-07-03,19:56,OCEANARIO WIEN,30.73,Bruno,Entertainment,trip
2024-07-04,02:11,NZZ ABO STORE3796,38.40,Noemi,Subscriptions,everyday
2024-07-04,07:17,ZVV NR.5422,4.49,Ada,Transport,everyday
2024-07-04,12:43,TRATTORIA DA NINO STORE5387,39.66,Bruno,Dining,trip
2024-07-04,13:36,APOTHEKE ZUR ROSE CARD*9360,76.62,Noemi,Health,everyday
2024-07-04,14:51,PASTELARIA BELEM WIEN NR.3328 12.03.24,6.15,Ada,Cafes,trip
2024-07-04,15:01,OPTIKER KOCH //ZUERICH OERLIKON 07.10.24 CH,72.32,Ada,Health,everyday
2024-07-04,15:12,Cafe De Flore //ATHEN,22.11,Noemi,Cafes,trip
2024-07-04,15:29,BOOKING.COM,164.55,Ada,Travel,trip
2024-07-04,16:12,Migrolino BASEL 5358 CARD*3817,14.52,Bruno,Groceries,everyday
2024-07-04,16:37,Coop //Wallisellen,132.43,Ada,Groceries,everyday
2024-07-04,18:46,RESTAURANTE DO FADO,66.53,Ada,Dining,trip
2024-07-04,20:27,BRASSERIE GEORGES WIEN REF 17313300,78.65,Noemi,Dining,everyday
2024-07-05,08:25,DENNER ZUERICH 4316,32.58,Noemi,Groceries,everyday
2024-07-05,16:15,CAFE SPRUENGLI CARD*6533,8.85,Noemi,Cafes,everyday
2024-07-05,20:13,TRATTORIA DA NINO Athen,43.78,Noemi,Dining,trip
2024-07-05,21:44,CITY BIKE RENT,4.57,Ada,Transport,gift
2024-07-06,02:00,FITNESSPARK ABO,87.43,Bruno,Subscriptions,everyday
2024-07-06,02:07,ICLOUD 12.11.25,2.95,Ada,Subscriptions,everyday
2024-07-06,07:37,Black Sheep/BERN STORE5995,7.04,Bruno,Cafes,trip
2024-07-06,08:44,COOP WALLISELLEN TRX 2360790,43.99,Ada,Groceries,everyday
2024-07-06,11:11,migros/ZUERICH OERLIKON,99.70,Bruno,Groceries,everyday
2024-07-06,13:27,MICASA,56.26,Ada,Home,everyday
2024-07-06,14:52,KAUFLEUTEN 03.07.24,19.42,Ada,Entertainment,everyday
2024-07-06,19:21,RESTAURANT LINDE,113.24,Noemi,Dining,date_night
2024-07-07,15:44,BOHEMIA CAFE,11.25,Bruno,Cafes,everyday
2024-07-07,16:16,BOHEMIA CAFE 1010,12.37,Noemi,Cafes,everyday
2024-07-07,22:05,TECHNORAMA St Gallen STORE3224 16.06.26 CARD*7957,33.17,Ada,Entertainment,everyday
2024-07-08,02:40,swisscom NR.2554,79.40,Noemi,Subscriptions,everyday
2024-07-08,10:34,MIGROS ZURICH 11.01.26,11.24,Noemi,Groceries,date_night
2024-07-08,14:28,INTERFLORA STORE1195,55.04,Bruno,Gifts,gift
2024-07-08,15:16,Vbz Ticket ZH,1.81,Bruno,Transport,everyday
2024-07-08,18:04,jumbo //USTER 03.11.26,48.40,Ada,Home,everyday
2024-07-09,02:59,salt mobile,49.66,Ada,Subscriptions,everyday
2024-07-10,08:28,AMAVITA APOTHEKE ZUERICH 9608,32.13,Ada,Health,gift
2024-07-10,10:13,MIGROS //BASEL FIL.3480,45.20,Noemi,Groceries,everyday
2024-07-10,18:48,Burger King 2474,27.26,Bruno,Dining,everyday
2024-07-10,19:47,MIGROS MM ZUERICH HB //KLOTEN,18.75,Ada,Groceries,trip
2024-07-10,20:12,RESTAURANT ZUM GRUENEN GLAS ZUERICH TID 73728615,115.98,Bruno,Dining,date_night
2024-07-11,12:19,MIGROS ZUERICH WIEDIKON,24.87,Ada,Groceries,everyday
2024-07-11,17:54,Migros STORE4926,33.32,Noemi,Groceries,everyday
2024-07-11,19:49,Kebab House SCHLIEREN,20.96,Noemi,Dining,everyday
2024-07-11,21:13,Kino Arena,32.11,Bruno,Entertainment,everyday
2024-07-11,22:20,KINO ARENA //SCHLIEREN 5214 09.09.26,23.03,Ada,Entertainment,everyday
2024-07-12,07:23,UBER TRIP,23.83,Ada,Transport,everyday
2024-07-12,09:26,medbase TRX 32652696,202.22,Noemi,Health,everyday
2024-07-12,12:17,BRASSERIE LIPP ZUERICH,138.07,Ada,Dining,everyday
2024-07-12,17:22,CAFETERIA ETH,5.28,Ada,Cafes,everyday
2024-07-12,19:10,SHELL AUTOBAHN SCHLIEREN,32.67,Ada,Transport,everyday
2024-07-12,21:29,Le Dezaley 6818 TRX 18923737,84.10,Noemi,Dining,date_night
2024-07-13,09:01,LIDL SCHWEIZ,23.44,Bruno,Groceries,everyday
2024-07-13,14:16,COOP PRONTO Uster 26.07.25,17.43,Noemi,Groceries,everyday
2024-07-13,19:33,LIDL SCHWEIZ ZÜRICH,29.67,Bruno,Groceries,everyday
2024-07-13,20:12,Zeughauskeller 5075,124.43,Noemi,Dining,everyday
2024-07-13,20:19,KEBAB HOUSE/ZH CARD*8748 SUISSE,17.18,Bruno,Dining,everyday
2024-07-13,20:25,restaurant santa lucia TRX 67595040 SUISSE,41.17,Ada,Dining,trip
2024-07-14,06:00,Sbb Railaway,101.80,Noemi,Travel,trip
2024-07-14,12:52,KEBAB HOUSE SCHWEIZ,34.20,Bruno,Dining,everyday
2024-07-14,20:53,RESTAURANT ZUM GRUENEN GLAS BASEL 5382 NO. 12735137,30.28,Noemi,Dining,date_night
2024-07-15,06:47,SHELL AUTOBAHN,59.64,Ada,Transport,everyday
2024-07-15,07:20,ZVV THALWIL,2.85,Bruno,Transport,everyday
2024-07-15,08:53,Bp Tankstelle CARD*8524,64.89,Ada,Transport,everyday
2024-07-15,09:17,STARBUCKS CARD*2866,6.64,Noemi,Cafes,everyday
2024-07-15,10:02,PASTELARIA BELEM ROMA,4.63,Bruno,Cafes,trip
2024-07-15,10:14,FLIXBUS //ZH,25.25,Ada,Travel,trip
2024-07-15,12:20,PHYSIOTHERAPIE SEEFELD,51.58,Ada,Health,everyday
2024-07-15,15:14,pension maria STORE2971,209.71,Noemi,Travel,trip
2024-07-15,16:35,RENFE VIAJEROS ROMA,24.64,Noemi,Transport,trip
2024-07-16,07:31,MOEVENPICK CAFE,8.32,Ada,Cafes,everyday
2024-07-16,12:06,MIGROS,32.94,Bruno,Groceries,everyday
2024-07-16,12:59,MANOR //ZUERICH 08.10.25,142.45,Bruno,Gifts,gift
2024-07-16,14:55,GRAND CAFE ODEON KLOTEN,18.68,Bruno,Cafes,everyday
2024-07-16,17:08,Cafe Central ROMA,12.33,Bruno,Cafes,trip
2024-07-17,06:38,Metro Ticket //Roma 1220 24.09.26,4.74,Ada,Transport,trip
2024-07-17,09:01,STARBUCKS 03.12.26,13.84,Noemi,Cafes,everyday
2024-07-17,11:30,HOTEL ADLER STORE1823,154.25,Noemi,Travel,trip
2024-07-17,18:34,Bowling Center Heueried/THALWIL,43.52,Noemi,Entertainment,everyday
2024-07-17,20:49,GUIDED CITY TOUR/ROMA 28.08.25 TRX 38391542,37.86,Bruno,Entertainment,trip
2024-07-17,21:35,HOTEL ADLER,151.43,Noemi,Travel,trip
2024-07-18,07:57,cafeteria eth,5.33,Noemi,Cafes,trip
2024-07-18,10:57,JELMOLI Zuerich Oerlikon,116.65,Bruno,Gifts,gift
2024-07-18,11:07,ORELL FUESSLI,13.36,Bruno,Gifts,gift
2024-07-18,15:39,PASTELARIA BELEM //ROMA,13.99,Bruno,Cafes,trip
2024-07-18,17:40,coffee stop,6.40,Bruno,Cafes,everyday
2024-07-18,19:25,ZOO ZUERICH CARD*1937,28.89,Bruno,Entertainment,everyday
2024-07-19,12:19,OSTERIA DEL BORGO/ROMA STORE9855 09.12.25,57.72,Noemi,Dining,everyday
2024-07-19,14:10,TOPPHARM APOTHEKE WALLISELLEN,35.70,Noemi,Health,everyday
2024-07-19,18:21,AEROPORTO TAXI ROMA,24.54,Noemi,Transport,trip
2024-07-19,19:14,ZEUGHAUSKELLER 17.09.26,126.99,Noemi,Dining,date_night
2024-07-19,19:17,Le Dezaley FIL.2026 CH,52.51,Noemi,Dining,date_night
2024-07-19,19:36,MCDONALDS 05.08.24,52.38,Bruno,Dining,everyday
2024-07-19,21:41,Brasserie Georges,121.64,Bruno,Dining,trip
2024-07-19,22:26,Kaufleuten //BASEL,104.30,Noemi,Entertainment,date_night
2024-07-20,07:31,METRO TICKET //Wien 08.01.24,2.98,Bruno,Transport,trip
2024-07-20,09:47,Migros Mm Zuerich Hb //USTER 7226,59.21,Ada,Groceries,everyday
2024-07-20,13:32,sbb railaway,104.44,Bruno,Travel,trip
2024-07-20,20:01,RESTAURANTE DO FADO,44.44,Noemi,Dining,trip
2024-07-21,08:55,postauto ST GALLEN,9.18,Noemi,Transport,trip
2024-07-21,12:59,HOTEL BOAVISTA 02.08.26,151.75,Bruno,Travel,trip
2024-07-21,20:44,HOTEL BOAVISTA KD.NR 41896274,186.26,Bruno,Travel,trip
2024-07-21,21:22,Oceanario MAILAND STORE1140 26.01.25,14.37,Noemi,Entertainment,trip
2024-07-22,10:01,MIGROS,65.81,Noemi,Groceries,everyday
2024-07-22,11:58,BRASSERIE GEORGES 10.02.26,94.57,Ada,Dining,trip
2024-07-22,12:35,Micasa TRX 99731195,126.53,Ada,Home,everyday
2024-07-22,16:59,Bäckerei Hug/LUZERN,2.94,Noemi,Groceries,gift
2024-07-22,17:36,Cafeteria Eth //DIETIKON 26.07.26,7.76,Noemi,Cafes,everyday
2024-07-22,17:54,MIGROS MM ZUERICH HB ZUERICH OERLIKON,19.85,Ada,Groceries,everyday
2024-07-22,18:16,ikea dietlikon 9426 06.01.25,138.09,Noemi,Home,everyday
2024-07-22,18:21,zeughauskeller FIL.841,81.22,Noemi,Dining,gift
2024-07-22,18:59,TAVERNA MYKONOS //WIEN 02.06.25,29.86,Bruno,Dining,trip
2024-07-22,19:53,Airbnb Payments/MAILAND,114.83,Ada,Travel,trip
2024-07-22,20:13,TAVERNA MYKONOS,82.42,Noemi,Dining,trip
2024-07-22,21:23,Trattoria Da Nino //WIEN REF 27779359,47.07,Bruno,Dining,trip
2024-07-23,06:19,Hotel De La Paix 16.06.24,597.86,Noemi,Travel,trip
2024-07-23,08:18,SBB CFF FFS NO. 41787838,38.43,Noemi,Transport,everyday
2024-07-23,11:09,SOUVENIR SHOP MAILAND TID 53286115,11.41,Bruno,Gifts,trip
2024-07-23,13:33,bistro le petit,54.71,Noemi,Dining,trip
2024-07-23,17:28,VICAFE //WALLISELLEN,5.24,Noemi,Cafes,everyday
2024-07-23,22:15,guided city tour,48.96,Bruno,Entertainment,trip
2024-07-24,08:57,CAFE BÄCKEREI ZEIT/KLOTEN,17.74,Ada,Cafes,everyday
2024-07-24,10:36,MIGROLINO,6.57,Ada,Groceries,everyday
2024-07-24,12:58,Brasserie Georges Wien 9989,130.82,Noemi,Dining,everyday
2024-07-24,13:01,Easyjet 23.02.26,49.18,Ada,Travel,trip
2024-07-24,13:12,BISTRO LE PETIT MAILAND,35.00,Bruno,Dining,trip
2024-07-24,18:46,UBER TRIP Zürich NR.8571,10.80,Bruno,Transport,everyday
2024-07-24,19:24,Migros/ZUERICH WIEDIKON 10.03.26,57.36,Noemi,Groceries,everyday
2024-07-24,20:18,Trattoria Da Nino MAILAND,48.52,Noemi,Dining,trip
2024-07-25,08:33,COFFEE STOP WINTERTHUR,7.14,Bruno,Cafes,everyday
2024-07-25,08:36,METRO TICKET,5.28,Bruno,Transport,trip
2024-07-25,09:26,Starbucks,3.66,Ada,Cafes,everyday
2024-07-25,10:46,HOTEL DE LA PAIX Mailand,282.81,Bruno,Travel,trip
2024-07-25,13:22,SCHAUSPIELHAUS,82.94,Bruno,Entertainment,everyday
2024-07-25,13:26,CAFETERIA ETH BASEL,7.43,Ada,Cafes,everyday
2024-07-25,18:06,GLOBUS 28.05.26,108.41,Bruno,Gifts,gift
2024-07-25,18:30,MUSEU NACIONAL,89.15,Noemi,Entertainment,trip
2024-07-25,19:08,SWISS INTERNATIONAL AIR LINES 3071,223.93,Ada,Travel,trip
2024-07-25,21:56,HOTEL DE LA PAIX NR.7929 08.04.25,725.17,Bruno,Travel,trip
2024-07-26,07:24,BLACK SHEEP //KLOTEN,6.63,Bruno,Cafes,everyday
2024-07-26,08:11,Vbz Ticket ZUERICH OERLIKON,2.57,Ada,Transport,everyday
2024-07-26,08:34,UBER TRIP Winterthur,17.95,Bruno,Transport,trip
2024-07-26,08:35,CAFE CENTRAL,10.34,Bruno,Cafes,everyday
2024-07-26,12:32,Restaurante Do Fado FIL.4152,33.58,Ada,Dining,trip
2024-07-26,12:55,Hiltl KLOTEN,40.06,Ada,Dining,everyday
2024-07-26,15:15,COOP,28.49,Noemi,Groceries,everyday
2024-07-26,15:17,Migros,57.67,Ada,Groceries,everyday
2024-07-26,18:35,JELMOLI,106.16,Ada,Gifts,gift
2024-07-26,19:57,TRATTORIA DA NINO MAILAND,41.12,Bruno,Dining,trip
2024-07-26,20:00,restaurant blaue ente WALLISELLEN 03.09.24,98.83,Bruno,Dining,date_night
2024-07-27,10:03,CAFE BÄCKEREI ZEIT STORE789,6.94,Bruno,Cafes,everyday
2024-07-27,13:55,bowling center heueried NR.6091 TID 19372849,39.89,Noemi,Entertainment,everyday
2024-07-27,16:41,migros WALLISELLEN 01.09.24,13.14,Bruno,Groceries,everyday
2024-07-27,17:06,manor,87.88,Noemi,Gifts,gift
2024-07-27,18:59,Coop Pronto,41.19,Ada,Groceries,everyday
2024-07-27,19:58,Bowling Center Heueried,23.14,Noemi,Entertainment,everyday
2024-07-27,20:47,HOTEL DE LA PAIX/MAILAND 19.11.25,350.25,Noemi,Travel,trip
2024-07-27,20:49,Kebab House,30.64,Bruno,Dining,everyday
2024-07-28,16:51,BOHEMIA CAFE/ZÜRICH CARD*9709,11.43,Bruno,Cafes,trip
2024-07-29,08:30,moevenpick cafe/SCHLIEREN FIL.2630,14.13,Ada,Cafes,everyday
2024-07-29,11:00,EASYJET //ZURICH,169.39,Noemi,Travel,trip
2024-07-29,19:33,DENNER,12.86,Bruno,Groceries,everyday
2024-07-31,13:44,Migros Mm Zuerich Hb,26.27,Noemi,Groceries,everyday
2024-07-31,16:03,MIGROS,31.73,Ada,Groceries,everyday
2024-07-31,19:03,MIGROS,9.84,Bruno,Groceries,everyday
2024-07-31,19:36,COOP SCHWEIZ,41.80,Noemi,Groceries,everyday
2024-08-01,03:51,SPOTIFY,13.02,Bruno,Subscriptions,everyday
2024-08-01,13:21,TOPPHARM APOTHEKE,44.19,Noemi,Health,everyday
2024-08-01,15:00,LIDL SCHWEIZ,50.82,Noemi,Groceries,everyday
2024-08-02,11:41,hiltl BASEL NR.5883,16.58,Noemi,Dining,everyday
2024-08-02,15:54,interflora,55.41,Bruno,Gifts,everyday
2024-08-02,16:05,Migros Mm Zuerich Hb,37.39,Noemi,Groceries,trip
2024-08-02,17:01,Bp Tankstelle ZH 18.09.25,46.15,Ada,Transport,everyday
2024-08-02,19:29,NOOCH ASIAN KITCHEN,73.07,Bruno,Dining,date_night
2024-08-02,22:29,HALLENSTADION CARD*2286,79.61,Ada,Entertainment,date_night
2024-08-03,13:17,VICAFE 15.08.25,4.81,Bruno,Cafes,everyday
2024-08-03,17:11,Moevenpick Cafe,14.35,Noemi,Cafes,everyday
2024-08-04,03:46,NZZ ABO 6383 KD.NR 21369399,39.20,Bruno,Subscriptions,everyday
2024-08-04,04:53,DISNEY PLUS 16.09.26,15.98,Bruno,Subscriptions,everyday
2024-08-04,07:10,SWISS TRAVEL CARD*7364,171.67,Bruno,Travel,trip
2024-08-05,10:09,DENNER,15.55,Noemi,Groceries,everyday
2024-08-05,13:37,MIGROS MM ZUERICH HB ZH,29.00,Noemi,Groceries,everyday
2024-08-05,20:50,RESTAURANT SANTA LUCIA LUZERN,55.49,Bruno,Dining,date_night
2024-08-06,02:52,Icloud 15.08.24,2.93,Ada,Subscriptions,everyday
2024-08-06,05:47,FITNESSPARK ABO 2399,88.38,Bruno,Subscriptions,everyday
2024-08-06,16:07,STARBUCKS,8.05,Noemi,Cafes,everyday
2024-08-07,13:03,MANOR DIETIKON,35.93,Noemi,Gifts,gift
2024-08-07,13:26,COFFEE STOP ZH CARD*8445,10.26,Bruno,Cafes,everyday
2024-08-07,13:30,NOOCH ASIAN KITCHEN,18.48,Noemi,Dining,everyday
2024-08-07,20:06,MCDONALDS Schlieren NR.3745,9.51,Noemi,Dining,everyday
2024-08-08,03:39,swisscom,80.55,Noemi,Subscriptions,everyday
2024-08-08,08:17,Sbb Railaway ZUERICH WIEDIKON,68.85,Bruno,Travel,trip
2024-08-08,10:00,Migros STORE5054 SUISSE,12.66,Bruno,Groceries,everyday
2024-08-08,12:53,SBB CFF FFS Zuerich Oerlikon STORE9563,25.66,Ada,Transport,everyday
2024-08-08,13:10,orell fuessli ZH,25.38,Noemi,Gifts,gift
2024-08-08,15:29,DR MED HUBER PRAXIS ST GALLEN,109.66,Bruno,Health,everyday
2024-08-09,02:14,SALT MOBILE 9347,50.61,Bruno,Subscriptions,everyday
2024-08-09,08:52,ZAHNARZT ZENTRUM OERLIKON/BERN 1677,597.82,Ada,Health,everyday
2024-08-09,09:04,Vbz Ticket NR.6700,4.02,Ada,Transport,everyday
2024-08-09,09:05,MARKTHALLE BASEL 11.05.26,13.66,Noemi,Groceries,everyday
2024-08-09,09:08,COOP 19.11.24,36.83,Noemi,Groceries,everyday
2024-08-09,12:07,Restaurant Zum Gruenen Glas //WALLISELLEN 10.10.26,143.25,Ada,Dining,everyday
2024-08-09,12:26,PIZZERIA DA MICHELE WALLISELLEN KD.NR 29479537,33.00,Noemi,Dining,everyday
2024-08-09,12:28,KEBAB HOUSE,13.50,Bruno,Dining,everyday
2024-08-09,16:23,ZVV ZUERICH OERLIKON 6147,5.30,Bruno,Transport,everyday
2024-08-10,08:53,airbnb payments,211.30,Bruno,Travel,trip
2024-08-10,19:13,MIGROS MM ZUERICH HB CARD*2229,38.11,Noemi,Groceries,everyday
2024-08-11,02:32,SERAFE,112.42,Noemi,Subscriptions,everyday
2024-08-11,06:52,BOOKING.COM 07.06.25,620.03,Ada,Travel,trip
2024-08-11,08:21,Swiss Travel ZUERICH 818 CH,155.49,Bruno,Travel,trip
2024-08-11,08:51,COFFEE STOP SCHLIEREN,5.21,Noemi,Cafes,everyday
2024-08-11,12:02,SBB CFF FFS,23.98,Noemi,Transport,everyday
2024-08-11,12:04,INTERFLORA,38.53,Noemi,Gifts,gift
2024-08-11,21:16,HALLENSTADION USTER NR.9192,113.47,Noemi,Entertainment,date_night
2024-08-12,07:16,POSTAUTO //LUZERN TRX 27164998,2.96,Bruno,Transport,everyday
2024-08-12,13:37,Ikea Dietlikon STORE7117 17.05.24 NO. 58036591 CARD*1999,81.18,Noemi,Home,everyday
2024-08-12,15:17,Opernhaus Zuerich DIETIKON,235.93,Noemi,Entertainment,everyday
2024-08-12,18:28,CAFETERIA ETH //ZUERICH OERLIKON,8.50,Ada,Cafes,everyday
2024-08-12,20:39,RESTAURANT BLAUE ENTE,117.39,Noemi,Dining,date_night
2024-08-13,09:06,CAFE BÄCKEREI ZEIT SCHLIEREN,6.02,Bruno,Cafes,everyday
2024-08-13,09:58,BOOKING.COM 04.08.25,294.91,Noemi,Travel,trip
2024-08-13,13:25,HOTEL BELLEVUE/Winterthur,171.85,Noemi,Travel,trip
2024-08-13,18:00,coop pronto BASEL,18.34,Noemi,Groceries,everyday
2024-08-14,12:05,JELMOLI/WALLISELLEN,93.84,Bruno,Gifts,gift
2024-08-14,13:04,Taverna Mykonos Paris,48.38,Bruno,Dining,trip
2024-08-14,13:06,UBER TRIP Kloten 1360 REF 30438484,94.85,Ada,Transport,everyday
2024-08-14,13:53,PASTELARIA BELEM //PARIS,8.66,Bruno,Cafes,trip
2024-08-14,17:47,Cafe Central Paris NR.8586,8.89,Bruno,Cafes,trip
2024-08-14,20:39,BOOKING.COM 11.07.25 TID 82451651,113.35,Ada,Travel,trip
2024-08-15,10:22,VICAFE,5.33,Ada,Cafes,everyday
2024-08-15,10:24,Pfister Moebel //ZUERICH WIEDIKON,79.41,Bruno,Home,everyday
2024-08-15,12:39,BISTRO LE PETIT Paris NR.9264,41.27,Ada,Dining,trip
2024-08-15,14:11,Migrolino //Thalwil,8.83,Ada,Groceries,everyday
2024-08-15,14:22,GUIDED CITY TOUR,82.83,Noemi,Entertainment,trip
2024-08-15,15:37,Souvenir Shop/PRAG CZ,43.23,Noemi,Gifts,trip
2024-08-15,16:05,COOP 07.09.24,27.16,Ada,Groceries,everyday
2024-08-15,16:21,METRO TICKET PARIS SUISSE,12.09,Ada,Transport,trip
2024-08-15,17:00,ZVV 25.10.25 TRX 99632445 CH,15.11,Bruno,Transport,everyday
2024-08-15,21:28,SUSHI ZEN,69.52,Bruno,Dining,date_night
2024-08-16,07:41,TRENITALIA //Prag Cz,45.88,Bruno,Transport,trip
2024-08-16,08:42,TRENITALIA 27.02.25 CARD*8631,37.79,Bruno,Transport,trip
2024-08-16,11:35,COOP PRONTO //ZURICH 07.10.26,14.12,Noemi,Groceries,everyday
2024-08-16,13:02,taverna mykonos,57.88,Noemi,Dining,everyday
2024-08-16,13:34,GLOBUS,308.87,Bruno,Gifts,gift
2024-08-16,15:11,BLUMENGALERIE SEEFELD 25.12.25,33.39,Noemi,Gifts,date_night
2024-08-16,15:47,ZAHNARZT ZENTRUM OERLIKON DIETIKON,136.44,Noemi,Health,everyday
2024-08-16,16:20,Migros Mm Zuerich Hb STORE3058,17.88,Bruno,Groceries,everyday
2024-08-16,20:53,PIZZERIA DA MICHELE,204.98,Ada,Dining,trip
2024-08-17,07:14,METRO TICKET //PRAG CZ,7.78,Ada,Transport,trip
2024-08-17,08:53,KAFFEEHAUS SPERL //PARIS,6.34,Noemi,Cafes,trip
2024-08-17,09:12,COOP PRONTO //ZUERICH,50.45,Noemi,Groceries,everyday
2024-08-17,12:42,LANDI 7980,67.06,Noemi,Home,everyday
2024-08-17,13:02,BOWLING CENTER HEUERIED FIL.6682,33.42,Bruno,Entertainment,gift
2024-08-17,15:36,CAFE DE FLORE FIL.1269,13.71,Noemi,Cafes,trip
2024-08-17,17:47,Landi THALWIL,31.28,Bruno,Home,everyday
2024-08-17,18:45,AIRBNB PAYMENTS PARIS,253.33,Noemi,Travel,trip
2024-08-17,18:45,MCDONALDS,27.02,Bruno,Dining,everyday
2024-08-17,19:47,BURGER KING/Dietikon,41.30,Ada,Dining,everyday
2024-08-17,22:25,TEATRO ROMANO PRAG CZ 1501 REF 71998667,55.16,Bruno,Entertainment,everyday
2024-08-18,08:35,Lidl Schweiz Luzern NR.1022 25.08.25,37.36,Bruno,Groceries,everyday
2024-08-18,09:14,PASTELARIA BELEM PRAG CZ,7.25,Bruno,Cafes,trip
2024-08-18,11:27,MOBILITY 07.01.26,24.14,Ada,Transport,everyday
2024-08-18,12:21,BRASSERIE GEORGES/PARIS FIL.4418 23.03.24,62.98,Bruno,Dining,trip
2024-08-18,12:24,TRATTORIA DA NINO PARIS 26.09.26,58.00,Noemi,Dining,trip
2024-08-18,12:47,OSTERIA DEL BORGO,90.49,Bruno,Dining,trip
2024-08-18,16:23,PASTELARIA BELEM,9.85,Noemi,Cafes,trip
2024-08-18,21:25,TRATTORIA DA NINO PRAG CZ,114.77,Ada,Dining,trip
2024-08-19,06:33,AIRBNB PAYMENTS //PARIS,146.62,Bruno,Travel,trip
2024-08-19,07:01,RENFE VIAJEROS Prag Cz,75.75,Bruno,Transport,trip
2024-08-19,12:29,BRASSERIE GEORGES,96.35,Bruno,Dining,trip
2024-08-19,17:19,LIDL SCHWEIZ,57.39,Ada,Groceries,everyday
2024-08-19,18:48,MOBILITY //KLOTEN,31.11,Ada,Transport,everyday
2024-08-19,19:30,Restaurant Blaue Ente,99.86,Ada,Dining,date_night
2024-08-19,21:24,HOTEL DE LA PAIX 3861 02.06.26,83.93,Bruno,Travel,trip
2024-08-20,13:33,BRASSERIE GEORGES TID 38489379,127.07,Ada,Dining,everyday
2024-08-20,14:11,Volg 4200,16.57,Ada,Groceries,everyday
2024-08-20,19:09,SBB CFF FFS FIL.9871 CARD*1690,24.96,Noemi,Transport,everyday
2024-08-20,22:12,KINO ARENA FIL.7148,36.76,Ada,Entertainment,everyday
2024-08-21,09:25,ALDI SUISSE USTER REF 14657075,22.62,Ada,Groceries,trip
2024-08-21,11:22,migros ZURICH 23.03.24,32.07,Noemi,Groceries,everyday
2024-08-21,14:54,Obi Baumarkt 18.01.26,171.17,Bruno,Home,everyday
2024-08-21,15:36,CAFETERIA ETH //LUZERN,2.83,Ada,Cafes,everyday
2024-08-21,16:23,SPAR EXPRESS KLOTEN,16.02,Bruno,Groceries,everyday
2024-08-21,18:13,MERCADO ARTESANAL REF 81509837,22.30,Noemi,Gifts,trip
2024-08-21,18:45,PIZZERIA DA MICHELE,177.51,Bruno,Dining,date_night
2024-08-21,19:44,KINO ARENA TRX 32530750,26.01,Ada,Entertainment,date_night
2024-08-21,21:06,SCHAUSPIELHAUS NR.9294,139.55,Ada,Entertainment,date_night
2024-08-22,10:52,BP TANKSTELLE WINTERTHUR,174.55,Ada,Transport,everyday
2024-08-22,12:14,APOTHEKE ZUR ROSE,84.83,Noemi,Health,everyday
2024-08-22,14:01,CAFE BÄCKEREI ZEIT,9.67,Ada,Cafes,everyday
2024-08-22,14:25,hallenstadion,89.71,Bruno,Entertainment,everyday
2024-08-22,18:32,schauspielhaus THALWIL FIL.7603,49.35,Noemi,Entertainment,everyday
2024-08-22,18:51,Bäckerei Hug,9.18,Ada,Groceries,everyday
2024-08-22,19:51,HALLENSTADION ZH,132.31,Ada,Entertainment,date_night
2024-08-23,09:06,PHYSIOTHERAPIE SEEFELD ZH,155.62,Ada,Health,everyday
2024-08-23,13:22,APOTHEKE ZUR ROSE USTER STORE8226,49.92,Noemi,Health,everyday
2024-08-23,15:27,Coop Bau Hobby WALLISELLEN,33.04,Noemi,Home,everyday
2024-08-23,16:23,BLACK SHEEP/ZÜRICH 5962 CARD*4553 SUISSE,15.26,Bruno,Cafes,everyday
2024-08-23,18:38,kino arena DIETIKON NO. 18283410,11.27,Noemi,Entertainment,date_night
2024-08-23,19:03,SBB CFF FFS LUZERN CARD*4125,15.95,Noemi,Transport,everyday
2024-08-23,20:01,SWISS INTERNATIONAL AIR LINES //WALLISELLEN,400.75,Bruno,Travel,trip
2024-08-23,20:37,KAUFLEUTEN,26.45,Ada,Entertainment,everyday
2024-08-23,21:17,SBB CFF FFS 12.08.24,31.12,Noemi,Transport,everyday
2024-08-24,09:35,Denner 1656,26.11,Bruno,Groceries,everyday
2024-08-24,12:37,OBI BAUMARKT,143.19,Bruno,Home,everyday
2024-08-24,14:12,Coffee Stop 19.01.26,5.94,Ada,Cafes,everyday
2024-08-24,20:23,SWISS CHUCHI,74.47,Bruno,Dining,date_night
2024-08-25,11:55,KEBAB HOUSE KD.NR 19129637,8.48,Ada,Dining,everyday
2024-08-26,07:38,BP TANKSTELLE Wallisellen,97.17,Noemi,Transport,everyday
2024-08-26,07:44,UBER TRIP,49.04,Noemi,Transport,everyday
2024-08-26,10:50,coop/KLOTEN,30.71,Bruno,Groceries,everyday
2024-08-27,11:01,PFISTER MOEBEL ZUERICH OERLIKON STORE4431,227.60,Ada,Home,trip
2024-08-27,14:52,CAFE SPRUENGLI NR.1781 02.01.25,22.78,Bruno,Cafes,everyday
2024-08-27,17:42,SBB CFF FFS Thalwil,10.48,Noemi,Transport,everyday
2024-08-28,07:02,PARKHAUS HOHE PROMENADE ZUERICH WIEDIKON CARD*9049,9.75,Bruno,Transport,everyday
2024-08-28,09:31,CAFETERIA ETH KD.NR 7114248,4.69,Ada,Cafes,everyday
2024-08-28,17:56,COOP STORE8730,24.87,Noemi,Groceries,everyday
2024-08-29,07:52,SWISS INTERNATIONAL AIR LINES,363.59,Ada,Travel,trip
2024-08-29,08:44,PARKHAUS HOHE PROMENADE //ZURICH NR.4961,63.34,Ada,Transport,everyday
2024-08-29,08:51,Booking.Com NR.725 12.09.25,171.03,Bruno,Travel,trip
2024-08-29,16:08,Parkhaus Hohe Promenade WALLISELLEN,19.05,Ada,Transport,everyday
2024-08-29,19:02,RESTAURANT SANTA LUCIA Bern NR.6994,68.28,Ada,Dining,date_night
2024-08-29,20:58,HILTL //THALWIL,61.51,Noemi,Dining,everyday
2024-08-30,09:48,HORNBACH ZUERICH OERLIKON,77.84,Ada,Home,everyday
2024-08-30,13:30,ZEUGHAUSKELLER NO. 95248866,53.69,Bruno,Dining,gift
2024-08-30,16:32,COOP PRONTO //THALWIL,15.82,Ada,Groceries,everyday
2024-08-30,17:50,ORELL FUESSLI 1936,61.02,Ada,Gifts,gift
2024-08-30,18:16,COOP PRONTO,18.51,Bruno,Groceries,trip
2024-08-30,18:35,SCHAUSPIELHAUS CARD*1565,101.74,Bruno,Entertainment,date_night
2024-08-31,13:29,MCDONALDS FIL.6929,14.81,Bruno,Dining,gift
2024-08-31,20:27,HILTL 13.10.25,44.61,Ada,Dining,everyday
2024-08-31,20:34,Nooch Asian Kitchen DIETIKON,36.03,Ada,Dining,everyday
2024-09-01,03:06,SPOTIFY,13.10,Noemi,Subscriptions,everyday
2024-09-01,11:35,Airbnb Payments,224.60,Ada,Travel,date_night
2024-09-01,12:57,coop 5549,36.71,Ada,Groceries,everyday
2024-09-01,13:20,Zeughauskeller/ST GALLEN 17.02.26,80.78,Bruno,Dining,everyday
2024-09-01,15:33,manor,75.91,Ada,Gifts,gift
2024-09-01,16:23,SHELL AUTOBAHN THALWIL 2750,47.28,Ada,Transport,everyday
2024-09-01,16:40,TAXI ZUERICH SCHWEIZ,164.78,Ada,Transport,everyday
2024-09-01,21:07,ZEUGHAUSKELLER,102.34,Ada,Dining,date_night
2024-09-01,21:27,Brasserie Lipp Zuerich 9897 TID 89705647,75.57,Bruno,Dining,date_night
2024-09-02,08:21,Grand Cafe Odeon,25.09,Noemi,Cafes,everyday
2024-09-02,09:00,ALDI SUISSE //ZURICH 8303,10.00,Noemi,Groceries,everyday
2024-09-02,13:28,CAFETERIA ETH WALLISELLEN NR.2939,5.33,Ada,Cafes,everyday
2024-09-04,02:38,disney plus CARD*6085,15.81,Ada,Subscriptions,everyday
2024-09-04,05:09,NZZ ABO,39.34,Noemi,Subscriptions,trip
2024-09-04,08:37,SBB RAILAWAY ZUERICH,90.30,Ada,Travel,trip
2024-09-04,10:37,MEDBASE FIL.5393,62.32,Noemi,Health,everyday
2024-09-04,19:02,KAUFLEUTEN/DIETIKON CARD*7138 SCHWEIZ,21.36,Noemi,Entertainment,everyday
2024-09-04,19:09,BINDELLA RISTORANTE //Zuerich Oerlikon,220.13,Noemi,Dining,date_night
2024-09-04,19:51,sushi zen SCHLIEREN 3130,68.25,Bruno,Dining,date_night
2024-09-04,21:09,kino riffraff NO. 15952929,9.00,Noemi,Entertainment,trip
2024-09-05,09:39,COFFEE STOP WALLISELLEN,5.73,Noemi,Cafes,everyday
2024-09-05,09:41,CAFE BÄCKEREI ZEIT //Kloten,13.11,Ada,Cafes,everyday
2024-09-05,19:44,METZGEREI ANGST ZH REF 33863677,38.23,Noemi,Groceries,everyday
2024-09-05,20:58,Restaurant Santa Lucia,50.62,Ada,Dining,date_night
2024-09-06,03:37,ICLOUD,2.98,Bruno,Subscriptions,everyday
2024-09-06,04:52,FITNESSPARK ABO,88.74,Ada,Subscriptions,everyday
2024-09-06,13:33,Schauspielhaus NR.3997 CH,61.96,Bruno,Entertainment,everyday
2024-09-06,18:17,HOTEL ADLER,171.95,Bruno,Travel,trip
2024-09-06,18:44,Kebab House Luzern,22.80,Noemi,Dining,trip
2024-09-06,18:46,brasserie lipp zuerich 14.11.26,71.61,Noemi,Dining,date_night
2024-09-06,21:41,TIBITS //LUZERN 21.11.24,23.03,Bruno,Dining,everyday
2024-09-07,08:55,STARBUCKS BERN 3245 NO. 52206395,7.05,Ada,Cafes,everyday
2024-09-07,15:00,MIGROS Wallisellen,30.45,Bruno,Groceries,gift
2024-09-07,15:15,BLUME 3000 //WINTERTHUR,58.93,Bruno,Gifts,everyday
2024-09-07,18:28,LANDI/BASEL,18.82,Bruno,Home,everyday
2024-09-07,19:04,coop LUZERN,30.40,Bruno,Groceries,everyday
2024-09-07,20:49,tibits 26.09.25,51.57,Noemi,Dining,everyday
2024-09-07,21:18,HILTL/WALLISELLEN FIL.6262,50.02,Ada,Dining,everyday
2024-09-08,02:28,SWISSCOM,79.52,Ada,Subscriptions,everyday
2024-09-08,12:59,PIZZERIA DA MICHELE KLOTEN 5411,79.39,Ada,Dining,everyday
2024-09-08,14:15,BOOKING.COM ZÜRICH STORE5168,171.48,Noemi,Travel,trip
2024-09-08,15:10,BLACK SHEEP KD.NR 11112710,8.34,Bruno,Cafes,everyday
2024-09-08,19:14,OSTERIA DEL BORGO //LUGANO STORE2595,54.36,Bruno,Dining,trip
2024-09-08,19:40,RESTAURANTE DO FADO CARD*7500,59.27,Ada,Dining,trip
2024-09-08,21:21,Bistro Le Petit LUGANO,107.24,Ada,Dining,trip
2024-09-09,02:19,salt mobile,50.16,Ada,Subscriptions,everyday
2024-09-09,11:12,AMAVITA APOTHEKE //LUZERN,82.38,Bruno,Health,everyday
2024-09-09,15:34,CAFE DE FLORE LUGANO REF 1434418 CARD*2052 CH,12.83,Noemi,Cafes,trip
2024-09-10,14:40,MERCADO ARTESANAL LUGANO,23.95,Bruno,Gifts,trip
2024-09-10,18:23,MIGROS,72.52,Ada,Groceries,everyday
2024-09-10,18:36,MIGROS MM ZUERICH HB FIL.4173 CARD*9977,29.37,Bruno,Groceries,date_night
2024-09-10,20:34,TAXI ZUERICH BASEL NR.3584,61.90,Ada,Transport,everyday
2024-09-10,21:46,sbb railaway CARD*8673,31.99,Ada,Travel,trip
2024-09-11,05:15,SERAFE,113.46,Noemi,Subscriptions,everyday
2024-09-11,07:38,cafeteria eth LUZERN TRX 6026339 CARD*5009,4.09,Ada,Cafes,everyday
2024-09-11,08:04,CAFE DE FLORE Lugano,8.21,Noemi,Cafes,trip
2024-09-11,08:20,ALDI SUISSE/ZUERICH OERLIKON,16.21,Bruno,Groceries,everyday
2024-09-11,08:47,STARBUCKS/ZUERICH CARD*2384,9.18,Noemi,Cafes,everyday
2024-09-11,11:25,AMAVITA APOTHEKE/Zh,28.39,Bruno,Health,everyday
2024-09-11,12:23,RESTAURANT LINDE Uster,48.98,Ada,Dining,everyday
2024-09-11,13:02,STARBUCKS 4540 27.12.26,8.58,Noemi,Cafes,everyday
2024-09-11,21:21,Hallenstadion FIL.1789,73.54,Noemi,Entertainment,trip
2024-09-12,08:36,CAFE CENTRAL LUGANO STORE4489 20.04.25,6.42,Noemi,Cafes,everyday
2024-09-12,13:05,Black Sheep,8.06,Ada,Cafes,everyday
2024-09-12,18:07,Kaffeehaus Sperl LUGANO,8.04,Ada,Cafes,trip
2024-09-12,18:57,RESTAURANT ZUM GRUENEN GLAS/Zurich 5911 CH,85.88,Bruno,Dining,date_night
2024-09-12,19:26,TAVERNA MYKONOS/LUGANO,49.72,Noemi,Dining,trip
2024-09-12,19:38,SPAR EXPRESS,14.75,Bruno,Groceries,everyday
2024-09-12,21:27,HILTL 9762 TRX 73443827,32.73,Ada,Dining,everyday
2024-09-13,09:57,PASTELARIA BELEM/LUGANO,7.94,Bruno,Cafes,trip
2024-09-13,11:38,KRONENHALLE CARD*9399,93.17,Ada,Dining,everyday
2024-09-13,12:44,Kebab House Uster KD.NR 43958212,22.51,Ada,Dining,everyday
2024-09-13,13:31,zahnarzt zentrum oerlikon TRX 36115751,215.03,Bruno,Health,everyday
2024-09-13,15:03,SBB CFF FFS //DIETIKON,13.22,Ada,Transport,gift
2024-09-13,15:54,Museu Nacional/Lugano FIL.4774 CARD*7116,15.75,Noemi,Entertainment,everyday
2024-09-13,18:25,Osteria Del Borgo //LUGANO CARD*4092,73.04,Bruno,Dining,trip
2024-09-13,21:30,HALLENSTADION STORE8672,113.98,Ada,Entertainment,date_night
2024-09-14,07:47,Kaffeehaus Sperl //LUGANO,10.94,Noemi,Cafes,trip
2024-09-14,08:32,BAECKEREI FISCHER St Gallen KD.NR 70598280 CARD*9875,8.90,Bruno,Groceries,everyday
2024-09-14,10:36,Airbnb Payments,278.92,Bruno,Travel,trip
2024-09-14,12:06,BOLT RIDE USTER CARD*3102,16.55,Ada,Transport,everyday
2024-09-14,13:26,Black Sheep NO. 5198105,8.77,Ada,Cafes,everyday
2024-09-14,16:04,COOP STORE7087,25.71,Bruno,Groceries,everyday
2024-09-14,16:18,METRO TICKET //LUGANO,4.67,Noemi,Transport,trip
2024-09-14,19:33,Hiltl SCHWEIZ,39.35,Bruno,Dining,everyday
2024-09-15,08:50,PASTELARIA BELEM/Lugano,9.51,Noemi,Cafes,trip
2024-09-15,09:44,MICASA DIETIKON,66.74,Bruno,Home,everyday
2024-09-15,13:46,PASTELARIA BELEM,25.97,Bruno,Cafes,trip
2024-09-15,15:01,SOUVENIR SHOP //LUGANO,41.87,Ada,Gifts,trip
2024-09-16,15:30,orell fuessli BERN,64.80,Ada,Gifts,gift
2024-09-16,17:53,PHYSIOTHERAPIE SEEFELD/WALLISELLEN NR.9018,115.44,Bruno,Health,everyday
2024-09-16,18:10,MIGROS ZÜRICH,28.04,Bruno,Groceries,everyday
2024-09-16,18:18,Migros FIL.6024 28.02.26 CARD*1483,7.69,Ada,Groceries,everyday
2024-09-16,21:12,AIRBNB PAYMENTS,188.28,Noemi,Travel,trip
2024-09-17,14:42,BLUMENGALERIE SEEFELD,37.08,Noemi,Gifts,gift
2024-09-17,15:53,Vicafe //Thalwil STORE2151 13.06.24,7.19,Ada,Cafes,everyday
2024-09-18,13:35,AEROPORTO TAXI LAAX,27.34,Bruno,Transport,everyday
2024-09-18,15:59,KAUFLEUTEN FIL.3559,28.98,Bruno,Entertainment,trip
2024-09-18,16:45,black sheep Basel,8.03,Bruno,Cafes,everyday
2024-09-18,17:31,INTERFLORA,163.51,Ada,Gifts,gift
2024-09-18,17:45,Blume 3000 //ZURICH,44.92,Ada,Gifts,gift
2024-09-18,17:49,GLOBUS BERN,185.67,Noemi,Gifts,gift
2024-09-18,18:25,Restaurant Zum Gruenen Glas/ZURICH,78.37,Ada,Dining,date_night
2024-09-18,18:41,MANOR/BERN FIL.8629 17.04.26,134.97,Ada,Gifts,gift
2024-09-18,19:01,SBB CFF FFS NR.587,28.48,Ada,Transport,everyday
2024-09-18,21:38,ZEUGHAUSKELLER //Bern,79.01,Ada,Dining,date_night
2024-09-19,06:45,ZVV ST GALLEN 05.03.24 CH,3.65,Noemi,Transport,everyday
2024-09-19,11:13,LANDI Schlieren,26.90,Noemi,Home,everyday
2024-09-19,12:57,BINDELLA RISTORANTE,76.97,Bruno,Dining,everyday
2024-09-19,13:15,TOPPHARM APOTHEKE,21.99,Bruno,Health,everyday
2024-09-19,15:20,MICASA Dietikon,66.57,Noemi,Home,everyday
2024-09-19,19:36,RESTAURANTE DO FADO FIL.5864,57.85,Bruno,Dining,trip
2024-09-19,20:38,KAUFLEUTEN NR.5694 CARD*7262,25.68,Ada,Entertainment,everyday
2024-09-20,13:28,TRATTORIA DA NINO NR.9672 TRX 21681984 CARD*4112,59.21,Bruno,Dining,trip
2024-09-20,16:02,MERCADO ARTESANAL LAAX NR.540 CARD*2407 CH,24.31,Bruno,Gifts,trip
2024-09-20,17:09,ALNATURA ZUERICH,11.38,Bruno,Groceries,date_night
2024-09-20,18:40,PARKHAUS HOHE PROMENADE ZH,17.55,Bruno,Transport,everyday
2024-09-20,19:30,HOTEL SCHWEIZERHOF DIETIKON KD.NR 94127148,165.69,Noemi,Travel,trip
2024-09-20,19:43,BURGER KING,15.96,Noemi,Dining,gift
2024-09-20,20:46,HILTL //Wallisellen REF 8881842,67.31,Noemi,Dining,trip
2024-09-21,07:31,CITY BIKE RENT NR.7138 NO. 6988507 SCHWEIZ,17.91,Ada,Transport,trip
2024-09-21,11:33,pizzeria da michele //DIETIKON STORE6386,57.58,Noemi,Dining,everyday
2024-09-21,11:48,pension maria Laax TRX 69140391,287.19,Noemi,Travel,trip
2024-09-21,14:57,migros,70.69,Bruno,Groceries,everyday
2024-09-21,17:02,Pastelaria Belem LAAX,10.77,Noemi,Cafes,trip
2024-09-21,17:45,MICASA/BASEL CARD*7524,48.59,Bruno,Home,everyday
2024-09-21,18:03,Mobility Zuerich Wiedikon STORE8669 TRX 51073172,63.10,Bruno,Transport,everyday
2024-09-21,18:52,GESCHENKIDEE CH //ST GALLEN 10.06.25 REF 2719914,144.37,Ada,Gifts,gift
2024-09-21,19:44,Zeughauskeller,59.26,Bruno,Dining,date_night
2024-09-21,19:46,ZEUGHAUSKELLER,103.68,Ada,Dining,date_night
2024-09-22,12:50,TRATTORIA DA NINO LAAX 5075 25.10.25,67.34,Ada,Dining,everyday
2024-09-22,19:26,TRATTORIA DA NINO LAAX FIL.4611,52.92,Bruno,Dining,trip
2024-09-23,07:19,AIRBNB PAYMENTS FIL.1901,159.73,Bruno,Travel,everyday
2024-09-23,08:41,BLACK SHEEP //ZÜRICH,3.94,Ada,Cafes,everyday
2024-09-23,09:27,GRAND CAFE ODEON Winterthur TID 43249460,37.00,Bruno,Cafes,everyday
2024-09-23,11:49,BISTRO LE PETIT LAAX,171.64,Noemi,Dining,trip
2024-09-23,12:29,TRATTORIA DA NINO/LAAX 6891,64.93,Bruno,Dining,trip
2024-09-24,09:31,MOEVENPICK CAFE CARD*9969,20.93,Bruno,Cafes,everyday
2024-09-24,15:35,Zoo Zuerich THALWIL 16.09.25 CARD*2013,56.87,Ada,Entertainment,everyday
2024-09-24,16:20,Denner/Zurich NR.9074,26.82,Bruno,Groceries,everyday
2024-09-24,17:08,ALDI SUISSE //Luzern,50.89,Noemi,Groceries,everyday
2024-09-24,17:29,PASTELARIA BELEM //Laax,17.42,Bruno,Cafes,everyday
2024-09-24,22:17,KINO RIFFRAFF CARD*6791,29.63,Noemi,Entertainment,date_night
2024-09-25,07:42,COFFEE STOP STORE4288,5.26,Ada,Cafes,everyday
2024-09-25,09:54,COFFEE STOP 15.04.25 CARD*9929,12.65,Noemi,Cafes,everyday
2024-09-25,11:15,BLUME 3000 //Zurich 8227,80.39,Noemi,Gifts,gift
2024-09-25,12:01,Ikea Dietlikon STORE6953 REF 14865886,33.73,Noemi,Home,everyday
2024-09-25,18:16,ZVV ZUERICH,2.97,Ada,Transport,everyday
2024-09-25,20:06,ZEUGHAUSKELLER USTER,82.12,Bruno,Dining,date_night
2024-09-26,07:12,CAFE SPRUENGLI,17.14,Noemi,Cafes,everyday
2024-09-26,09:48,MIGROS/ST GALLEN NR.9970,18.89,Bruno,Groceries,everyday
2024-09-26,10:02,COOP BAU HOBBY,139.21,Ada,Home,everyday
2024-09-26,18:14,INTERFLORA,186.12,Noemi,Gifts,gift
2024-09-27,09:44,IKEA DIETLIKON BASEL,63.33,Ada,Home,everyday
2024-09-27,09:45,CAFE DE FLORE //LONDON,13.82,Noemi,Cafes,everyday
2024-09-27,13:13,UBER TRIP/ZUERICH WIEDIKON,52.78,Ada,Transport,everyday
2024-09-27,13:24,denner,21.10,Ada,Groceries,everyday
2024-09-27,13:28,TRATTORIA DA NINO,60.89,Bruno,Dining,trip
2024-09-27,16:47,Postauto/DIETIKON NR.5401 22.11.26 CARD*1255,6.29,Noemi,Transport,gift
2024-09-27,17:03,dr med huber praxis WINTERTHUR,156.74,Noemi,Health,everyday
2024-09-27,18:04,MARKTHALLE BASEL/BERN,19.14,Bruno,Groceries,everyday
2024-09-27,19:41,TRATTORIA DA NINO/London,50.88,Noemi,Dining,trip
2024-09-27,19:57,kino riffraff 1929,10.33,Bruno,Entertainment,date_night
2024-09-28,08:02,CAFE CENTRAL Laax,6.54,Bruno,Cafes,trip
2024-09-28,12:07,Restaurante Do Fado FIL.3028 11.07.25,55.94,Noemi,Dining,trip
2024-09-28,12:43,BLUME 3000 SCHLIEREN,67.74,Ada,Gifts,date_night
2024-09-28,13:49,MOEVENPICK CAFE,5.66,Bruno,Cafes,everyday
2024-09-28,14:21,ORELL FUESSLI Basel 7601,77.21,Noemi,Gifts,gift
2024-09-28,17:31,ZVV FIL.2094,1.69,Ada,Transport,everyday
2024-09-28,17:52,Coop LUZERN,8.19,Ada,Groceries,everyday
2024-09-28,19:15,TRATTORIA DA NINO //LAAX 08.09.26,33.85,Noemi,Dining,trip
2024-09-28,20:56,restaurante do fado 1272,88.45,Noemi,Dining,trip
2024-09-28,21:05,KEBAB HOUSE,14.47,Bruno,Dining,everyday
2024-09-29,11:23,HOTEL DE LA PAIX STORE3817,268.85,Noemi,Travel,trip
2024-09-29,12:12,HOTEL DE LA PAIX //LONDON STORE7352 NO. 97366904 CARD*9928,273.98,Noemi,Travel,trip
2024-09-29,18:57,MUSEU NACIONAL LONDON 19.10.24 NO. 1765654,28.42,Noemi,Entertainment,trip
2024-09-29,20:17,kebab house ZH 22.12.24,10.64,Bruno,Dining,everyday
2024-09-29,20:24,Restaurante Do Fado //Laax,32.63,Ada,Dining,trip
2024-09-30,09:46,STARBUCKS,5.42,Noemi,Cafes,everyday
2024-09-30,15:16,SOUVENIR SHOP,10.97,Ada,Gifts,trip
2024-09-30,16:23,Migros CARD*5078,112.01,Ada,Groceries,everyday
2024-09-30,18:48,TRATTORIA DA NINO,55.53,Ada,Dining,trip
2024-09-30,20:35,Tibits CARD*8616,20.35,Noemi,Dining,everyday
2024-10-01,03:34,SPOTIFY 18.05.26,12.90,Ada,Subscriptions,everyday
2024-10-01,09:27,PASTELARIA BELEM //LONDON,11.86,Ada,Cafes,trip
2024-10-01,11:33,Pension Maria,78.18,Ada,Travel,trip
2024-10-01,18:05,BAECKEREI FISCHER Zuerich Wiedikon,20.35,Noemi,Groceries,everyday
2024-10-01,18:42,Aldi Suisse/BERN REF 93133705,52.78,Bruno,Groceries,everyday
2024-10-01,19:25,BAECKEREI FISCHER,3.38,Ada,Groceries,everyday
2024-10-01,19:29,BINDELLA RISTORANTE,82.81,Noemi,Dining,date_night
2024-10-02,09:58,Migrolino 7940,5.29,Bruno,Groceries,everyday
2024-10-02,13:12,MIGROS,50.10,Bruno,Groceries,everyday
2024-10-02,17:06,interflora NO. 84083592,54.23,Ada,Gifts,gift
2024-10-02,20:42,TRATTORIA DA NINO STORE7118,153.76,Ada,Dining,everyday
2024-10-03,09:46,MEDBASE Basel 9527,32.46,Bruno,Health,everyday
2024-10-03,11:17,COOP PRONTO/USTER NR.8312,16.87,Bruno,Groceries,everyday
2024-10-03,14:40,apotheke zur rose,15.65,Noemi,Health,everyday
2024-10-03,17:00,MOBILITY 17.11.25 TRX 91040200 SUISSE,58.73,Bruno,Transport,trip
2024-10-03,17:03,SBB CFF FFS ST GALLEN,30.75,Bruno,Transport,everyday
2024-10-03,18:26,Moevenpick Cafe,12.69,Ada,Cafes,everyday
2024-10-03,18:31,museu nacional LONDON,27.48,Noemi,Entertainment,trip
2024-10-03,19:38,TAVERNA MYKONOS/LONDON NR.9214 15.05.25 KD.NR 18612776,58.29,Bruno,Dining,trip
2024-10-03,19:58,BRASSERIE LIPP ZUERICH 13.12.25 TRX 78071900,60.40,Ada,Dining,date_night
2024-10-04,02:11,NZZ ABO CARD*7305,39.31,Ada,Subscriptions,everyday
2024-10-04,02:59,DISNEY PLUS,16.04,Bruno,Subscriptions,everyday
2024-10-04,08:47,MOBILITY,57.37,Noemi,Transport,everyday
2024-10-04,09:26,Apotheke Zur Rose/THALWIL,26.65,Ada,Health,everyday
2024-10-04,20:39,BOOKING.COM/ZUERICH 08.12.25,163.64,Noemi,Travel,trip
2024-10-04,21:31,KINO RIFFRAFF TID 25606545 CH,34.60,Noemi,Entertainment,date_night
2024-10-05,17:36,coop,21.26,Bruno,Groceries,everyday
2024-10-05,17:56,Lidl Schweiz //THALWIL,35.39,Noemi,Groceries,everyday
2024-10-05,18:49,SOCAR TANKSTELLE 5670,54.03,Noemi,Transport,everyday
2024-10-05,19:08,MCDONALDS SCHLIEREN,21.14,Bruno,Dining,everyday
2024-10-05,19:44,Restaurant Santa Lucia WINTERTHUR TID 43137901,42.15,Ada,Dining,date_night
2024-10-05,21:14,bindella ristorante 13.02.24,57.89,Bruno,Dining,date_night
2024-10-06,03:23,ICLOUD 197,2.94,Ada,Subscriptions,everyday
2024-10-06,04:43,FITNESSPARK ABO,90.33,Noemi,Subscriptions,everyday
2024-10-06,16:51,Sbb Cff Ffs,22.11,Ada,Transport,everyday
2024-10-06,17:27,COOP BAU HOBBY NR.3338 CARD*7777,24.05,Noemi,Home,everyday
2024-10-07,10:58,METZGEREI ANGST //Winterthur,27.39,Noemi,Groceries,everyday
2024-10-07,13:28,physiotherapie seefeld //ZUERICH WIEDIKON 1581,105.59,Ada,Health,trip
2024-10-07,13:31,CHRIST UHREN SCHMUCK //ZÜRICH 26.03.25,473.67,Bruno,Gifts,everyday
2024-10-07,15:18,COOP/WALLISELLEN,24.16,Noemi,Groceries,everyday
2024-10-07,18:04,BAECKEREI FISCHER 9181 10.03.24 SUISSE,7.56,Ada,Groceries,everyday
2024-10-07,18:15,Geschenkidee Ch/ZUERICH OERLIKON 04.01.26,142.52,Bruno,Gifts,gift
2024-10-07,20:52,SOCAR TANKSTELLE 24.09.25 CARD*7867,43.19,Ada,Transport,date_night
2024-10-08,03:18,SWISSCOM 04.04.26 CARD*6681,80.18,Ada,Subscriptions,everyday
2024-10-08,07:13,AIRBNB PAYMENTS ST GALLEN,143.70,Noemi,Travel,trip
2024-10-08,10:28,Jumbo //Thalwil FIL.5519,41.26,Bruno,Home,everyday
2024-10-08,17:07,IKEA DIETLIKON,139.35,Ada,Home,trip
2024-10-08,17:26,COOP/Thalwil,45.57,Noemi,Groceries,everyday
2024-10-08,19:14,BRASSERIE LIPP ZUERICH WALLISELLEN,298.37,Noemi,Dining,date_night
2024-10-08,21:29,RESTAURANT BLAUE ENTE FIL.1756,124.38,Noemi,Dining,date_night
2024-10-09,04:25,Salt Mobile NO. 1100288,49.34,Bruno,Subscriptions,everyday
2024-10-09,13:19,DR MED HUBER PRAXIS,199.75,Noemi,Health,everyday
2024-10-09,14:15,Migros STORE9015,55.25,Noemi,Groceries,everyday
2024-10-09,17:47,COOP DIETIKON 3860 06.04.25,20.84,Noemi,Groceries,everyday
2024-10-09,19:09,ALDI SUISSE FIL.6826,22.50,Noemi,Groceries,everyday
2024-10-10,08:47,VICAFE,5.98,Bruno,Cafes,everyday
2024-10-10,09:19,BLACK SHEEP //Wallisellen,6.37,Bruno,Cafes,everyday
2024-10-10,09:25,Aldi Suisse CARD*7413,53.47,Noemi,Groceries,everyday
2024-10-10,12:07,Le Dezaley BASEL FIL.3168,58.24,Ada,Dining,everyday
2024-10-10,19:46,PARKHAUS HOHE PROMENADE/ZUERICH,20.19,Noemi,Transport,everyday
2024-10-11,02:54,SERAFE,111.72,Bruno,Subscriptions,everyday
2024-10-11,15:21,AIRBNB PAYMENTS NO. 59717809,167.57,Bruno,Travel,gift
2024-10-11,17:59,CAFE SPRUENGLI 12.08.25,5.92,Noemi,Cafes,date_night
2024-10-11,18:58,MIGROS Luzern FIL.3150,34.54,Bruno,Groceries,everyday
2024-10-12,11:49,Migros Mm Zuerich Hb/LUZERN,27.39,Ada,Groceries,everyday
2024-10-12,13:19,BLUMENGALERIE SEEFELD DIETIKON,47.87,Noemi,Gifts,gift
2024-10-12,18:12,ALDI SUISSE //Thalwil 9589,17.00,Noemi,Groceries,everyday
2024-10-12,18:49,KEBAB HOUSE ZURICH,44.14,Ada,Dining,everyday
2024-10-12,19:34,MIGROS,55.25,Noemi,Groceries,gift
2024-10-12,19:50,RESTAURANT SANTA LUCIA LUZERN 8158,49.43,Ada,Dining,date_night
2024-10-12,21:57,TECHNORAMA REF 14668078,52.32,Noemi,Entertainment,everyday
2024-10-13,20:02,ZEUGHAUSKELLER //WINTERTHUR TRX 76701922,204.34,Ada,Dining,date_night
2024-10-14,15:54,OBI BAUMARKT CARD*1802,54.73,Bruno,Home,everyday
2024-10-14,16:40,orell fuessli STORE4725,23.14,Bruno,Gifts,gift
2024-10-15,13:28,VOLG,16.96,Noemi,Groceries,everyday
2024-10-15,13:49,BLUME 3000,64.40,Noemi,Gifts,gift
2024-10-15,16:51,GRAND CAFE ODEON BERN TID 22461183,29.99,Bruno,Cafes,everyday
2024-10-15,19:03,HALLENSTADION NR.1252,89.32,Bruno,Entertainment,date_night
2024-10-16,12:50,HOTEL ADLER,337.17,Noemi,Travel,trip
2024-10-16,13:08,ALNATURA ZUERICH/ZUERICH WIEDIKON,67.04,Bruno,Groceries,everyday
2024-10-16,17:27,STARBUCKS SCHWEIZ,4.73,Bruno,Cafes,everyday
2024-10-16,20:16,SUSHI ZEN //LUZERN,81.77,Bruno,Dining,date_night
2024-10-17,13:30,NOOCH ASIAN KITCHEN 23.07.24,19.81,Bruno,Dining,everyday
2024-10-17,17:47,MANOR 08.02.26 TRX 45450531,143.07,Noemi,Gifts,gift
2024-10-17,20:41,SCHAUSPIELHAUS,36.87,Bruno,Entertainment,date_night
2024-10-18,13:36,KRONENHALLE,323.19,Noemi,Dining,everyday
2024-10-18,17:55,OBI BAUMARKT,95.13,Noemi,Home,everyday
2024-10-18,19:56,BINDELLA RISTORANTE,224.80,Noemi,Dining,date_night
2024-10-18,20:38,PATHE SPREITENBACH TID 85898190,33.45,Noemi,Entertainment,date_night
2024-10-19,17:02,BOOKING.COM Schlieren KD.NR 1527150 CARD*4409,140.51,Bruno,Travel,trip
2024-10-20,10:14,STARBUCKS FIL.4458 CARD*9395 SCHWEIZ,14.49,Ada,Cafes,everyday
2024-10-20,16:17,KINO ARENA,22.27,Bruno,Entertainment,everyday
2024-10-20,18:24,SBB CFF FFS,18.30,Ada,Transport,everyday
2024-10-21,16:43,ALDI SUISSE,20.65,Ada,Groceries,everyday
2024-10-21,19:43,MIGROS //ZUERICH CARD*1770,30.77,Ada,Groceries,everyday
2024-10-21,19:58,coop pronto BERN 6259,8.83,Noemi,Groceries,everyday
2024-10-22,06:46,Taxi Zuerich BERN 7248 12.02.25,21.38,Bruno,Transport,everyday
2024-10-22,08:13,HOTEL BELLEVUE,156.41,Noemi,Travel,everyday
2024-10-22,10:48,ZAHNARZT ZENTRUM OERLIKON WINTERTHUR CARD*1081,70.36,Ada,Health,everyday
2024-10-22,11:15,JUMBO,42.83,Noemi,Home,everyday
2024-10-22,15:39,COOP BAU HOBBY 4647,193.40,Ada,Home,everyday
2024-10-22,17:06,TAXI ZUERICH,50.78,Bruno,Transport,everyday
2024-10-22,19:18,HALLENSTADION,230.96,Noemi,Entertainment,everyday
2024-10-23,08:09,STARBUCKS 8356 23.03.26 KD.NR 49877619,8.98,Noemi,Cafes,everyday
2024-10-23,11:54,BINDELLA RISTORANTE/ZUERICH WIEDIKON 17.09.26,42.12,Ada,Dining,everyday
2024-10-23,13:58,BOHEMIA CAFE,13.78,Ada,Cafes,everyday
2024-10-23,15:29,Coffee Stop,4.71,Noemi,Cafes,everyday
2024-10-23,16:10,MICASA TRX 87829482,73.27,Ada,Home,everyday
2024-10-23,16:56,MOBILITY Zh 4887 CARD*1197 SCHWEIZ,45.16,Noemi,Transport,everyday
2024-10-23,18:38,TIBITS ZH,49.52,Bruno,Dining,gift
2024-10-23,19:21,MIGROS MM ZUERICH HB //ST GALLEN,26.90,Noemi,Groceries,everyday
2024-10-24,10:03,COOP,22.13,Ada,Groceries,everyday
2024-10-24,13:21,SCHAUSPIELHAUS //ZURICH TRX 66778676,111.08,Noemi,Entertainment,everyday
2024-10-24,15:22,KINO RIFFRAFF/Zürich REF 45157950,20.34,Noemi,Entertainment,everyday
2024-10-24,18:44,MCDONALDS,9.97,Ada,Dining,gift
2024-10-24,19:43,SBB CFF FFS/SCHLIEREN NR.5864,11.68,Noemi,Transport,everyday
2024-10-24,21:34,Swiss Travel WALLISELLEN,142.67,Bruno,Travel,trip
2024-10-25,08:43,Migros USTER 4943 NO. 72043006,15.72,Noemi,Groceries,everyday
2024-10-25,10:35,COOP/DIETIKON FIL.2230 25.01.25,54.13,Noemi,Groceries,everyday
2024-10-25,11:34,christ uhren schmuck NR.972,133.35,Ada,Gifts,gift
2024-10-25,13:07,COOP 4149,18.52,Noemi,Groceries,everyday
2024-10-25,18:00,EASYJET,281.77,Bruno,Travel,trip
2024-10-25,18:36,RESTAURANT SANTA LUCIA LUZERN 2072 27.02.26,33.19,Noemi,Dining,date_night
2024-10-26,12:57,RESTAURANT BLAUE ENTE FIL.5387,127.87,Bruno,Dining,everyday
2024-10-26,20:34,BP TANKSTELLE ZUERICH WIEDIKON,99.45,Ada,Transport,everyday
2024-10-27,13:28,BRASSERIE LIPP ZUERICH 7753 18.08.24 TRX 13774211,68.15,Ada,Dining,everyday
2024-10-27,13:53,HALLENSTADION THALWIL KD.NR 51246748,187.13,Bruno,Entertainment,everyday
2024-10-27,21:14,BINDELLA RISTORANTE 1133 15.02.26 KD.NR 1443065,89.36,Ada,Dining,everyday
2024-10-27,21:40,BURGER KING 24.05.25,10.72,Ada,Dining,trip
2024-10-28,16:59,MICASA NO. 5745450,447.11,Bruno,Home,everyday
2024-10-28,19:09,Migros,39.33,Bruno,Groceries,everyday
2024-10-28,20:34,KRONENHALLE/WALLISELLEN 2050,326.56,Ada,Dining,date_night
2024-10-28,21:49,ZOO ZUERICH ZUERICH OERLIKON,76.01,Bruno,Entertainment,everyday
2024-10-29,14:54,OPTIKER KOCH,162.58,Bruno,Health,everyday
2024-10-29,15:15,AMAVITA APOTHEKE 26.04.24 CARD*1137 SUISSE,32.91,Bruno,Health,everyday
2024-10-29,18:19,Migros //ZH STORE5478 NO. 97643442,26.66,Ada,Groceries,everyday
2024-10-30,10:15,airbnb payments,344.90,Bruno,Travel,trip
2024-10-30,11:12,Physiotherapie Seefeld FIL.1711,29.15,Ada,Health,everyday
2024-10-30,12:05,Restaurant Santa Lucia ZURICH STORE6342 KD.NR 3621805 CARD*8072 CH,64.60,Bruno,Dining,everyday
2024-10-30,21:09,Kino Riffraff REF 63868961,30.49,Noemi,Entertainment,everyday
2024-10-31,08:09,MIGROS 24.10.24,35.76,Bruno,Groceries,everyday
2024-10-31,10:16,DENNER,22.61,Bruno,Groceries,everyday
2024-10-31,10:24,VICAFE 2183,6.08,Bruno,Cafes,everyday
2024-10-31,11:05,Migros Mm Zuerich Hb,8.98,Noemi,Groceries,everyday
2024-10-31,12:31,MIGROS //ST GALLEN 10.05.25,44.36,Ada,Groceries,everyday
2024-10-31,12:49,TIBITS,66.25,Noemi,Dining,everyday
2024-10-31,13:06,BLUMENGALERIE SEEFELD SCHLIEREN FIL.5907,100.41,Noemi,Gifts,gift
2024-10-31,14:39,COOP //Zh STORE720 CARD*7286,27.11,Ada,Groceries,everyday
2024-10-31,16:12,CAFE SPRUENGLI NR.350,24.83,Noemi,Cafes,everyday
2024-10-31,17:40,MIGROS,20.93,Ada,Groceries,date_night
2024-10-31,18:09,DEPOT ZUERICH 24.03.26,84.10,Bruno,Home,everyday
2024-10-31,18:33,TIBITS BERN 5766,13.68,Bruno,Dining,everyday
2024-10-31,21:48,SWISS INTERNATIONAL AIR LINES,587.31,Noemi,Travel,everyday
2024-11-01,03:38,SPOTIFY 7931,13.03,Bruno,Subscriptions,everyday
2024-11-01,09:30,TOPPHARM APOTHEKE NR.7370 KD.NR 55195748,52.44,Noemi,Health,everyday
2024-11-01,11:47,Migros Mm Zuerich Hb/ZUERICH OERLIKON,17.78,Noemi,Groceries,everyday
2024-11-01,12:59,APOTHEKE ZUR ROSE ZUERICH OERLIKON,28.33,Ada,Health,everyday
2024-11-01,20:21,KINO ARENA SCHLIEREN 9816 CARD*7180,57.38,Bruno,Entertainment,date_night
2024-11-01,20:51,BOWLING CENTER HEUERIED,65.12,Ada,Entertainment,everyday
2024-11-02,07:34,GRAND CAFE ODEON,36.51,Ada,Cafes,everyday
2024-11-02,14:07,STARBUCKS FIL.1820 CH,4.26,Noemi,Cafes,everyday
2024-11-02,14:52,ORELL FUESSLI,45.81,Bruno,Gifts,gift
2024-11-02,16:25,Manor/ZUERICH,41.07,Bruno,Gifts,everyday
2024-11-02,18:22,LE DEZALEY KLOTEN,104.96,Ada,Dining,date_night
2024-11-02,19:49,KINO ARENA BERN,33.46,Noemi,Entertainment,date_night
2024-11-02,20:21,KINO ARENA ST GALLEN,14.15,Ada,Entertainment,date_night
2024-11-02,20:57,KAUFLEUTEN,48.04,Noemi,Entertainment,date_night
2024-11-02,21:18,BOWLING CENTER HEUERIED NR.3014 SCHWEIZ,69.70,Bruno,Entertainment,everyday
2024-11-02,21:51,PATHE SPREITENBACH Zürich TID 30928680 SUISSE,21.30,Bruno,Entertainment,date_night
2024-11-03,13:11,KRONENHALLE 9438,108.38,Bruno,Dining,everyday
2024-11-03,14:23,KAUFLEUTEN 22.09.24,32.93,Noemi,Entertainment,everyday
2024-11-03,22:15,KINO ARENA/WINTERTHUR CARD*2141,53.87,Noemi,Entertainment,date_night
2024-11-04,02:07,DISNEY PLUS STORE5099,15.83,Noemi,Subscriptions,everyday
2024-11-04,03:14,NZZ ABO,38.44,Ada,Subscriptions,everyday
2024-11-05,08:06,vicafe 1221 CARD*1982 SCHWEIZ,3.43,Bruno,Cafes,everyday
2024-11-06,02:14,ICLOUD,2.98,Noemi,Subscriptions,everyday
2024-11-06,04:46,FITNESSPARK ABO,90.04,Bruno,Subscriptions,everyday
2024-11-06,18:51,GLOBUS //WALLISELLEN REF 91068831,67.03,Ada,Gifts,gift
2024-11-07,08:53,Sbb Cff Ffs ZH 8662 TRX 46629285,5.58,Ada,Transport,everyday
2024-11-07,09:48,Coop TRX 74201576,20.22,Bruno,Groceries,everyday
2024-11-07,14:34,GESCHENKIDEE CH Thalwil,154.24,Ada,Gifts,gift
2024-11-07,16:00,MIGROS MM ZUERICH HB 13.01.26,12.31,Noemi,Groceries,everyday
2024-11-07,17:55,Volg CARD*1315,6.87,Ada,Groceries,everyday
2024-11-07,20:31,sbb cff ffs 16.09.26,36.15,Bruno,Transport,everyday
2024-11-08,02:05,Swisscom,79.56,Bruno,Subscriptions,trip
2024-11-08,09:12,ALDI SUISSE USTER,24.28,Ada,Groceries,everyday
2024-11-08,09:53,COFFEE STOP FIL.9430,5.56,Ada,Cafes,everyday
2024-11-08,11:52,KEBAB HOUSE,16.17,Noemi,Dining,everyday
2024-11-08,14:34,BOOKING.COM,300.01,Ada,Travel,trip
2024-11-08,19:29,Vbz Ticket 27.11.26 TRX 9487328,4.62,Bruno,Transport,date_night
2024-11-08,20:36,HOTEL BELLEVUE,150.21,Noemi,Travel,trip
2024-11-09,02:54,SALT MOBILE FIL.1771,49.34,Noemi,Subscriptions,everyday
2024-11-09,12:54,AMAVITA APOTHEKE/USTER,28.80,Noemi,Health,trip
2024-11-09,19:55,Zoo Zuerich //ZÜRICH 18.12.24,57.79,Ada,Entertainment,everyday
2024-11-10,03:07,NETFLIX,19.99,Bruno,Subscriptions,everyday
2024-11-10,17:59,CAFE SPRUENGLI ZUERICH WIEDIKON FIL.5002 KD.NR 14646148,36.98,Noemi,Cafes,everyday
2024-11-10,21:18,Hotel Schweizerhof NR.4409 CARD*7761,266.75,Ada,Travel,trip
2024-11-11,03:23,SERAFE,112.13,Noemi,Subscriptions,everyday
2024-11-11,10:14,Migros Mm Zuerich Hb KLOTEN,23.85,Noemi,Groceries,everyday
2024-11-11,10:27,Vicafe WINTERTHUR 05.11.26,5.23,Noemi,Cafes,everyday
2024-11-11,11:47,ZAHNARZT ZENTRUM OERLIKON //Zuerich Wiedikon STORE7113 14.10.26,144.73,Noemi,Health,everyday
2024-11-11,13:48,christ uhren schmuck,143.48,Bruno,Gifts,everyday
2024-11-11,16:27,DEPOT ZUERICH/BASEL STORE5592,34.97,Noemi,Home,everyday
2024-11-11,18:03,MIGROS KLOTEN 5779 CARD*3057,20.03,Noemi,Groceries,everyday
2024-11-11,19:04,Kino Arena ZH,26.33,Noemi,Entertainment,everyday
2024-11-11,21:35,SBB CFF FFS THALWIL TRX 43882811,7.86,Noemi,Transport,trip
2024-11-12,08:06,Uber Trip,26.91,Noemi,Transport,everyday
2024-11-12,08:19,STARBUCKS 9261,7.39,Bruno,Cafes,everyday
2024-11-12,08:49,vicafe,2.43,Ada,Cafes,everyday
2024-11-12,15:25,COOP PRONTO STORE523,7.38,Bruno,Groceries,everyday
2024-11-12,19:07,DENNER BERN 16.08.24 CH,33.65,Bruno,Groceries,everyday
2024-11-12,20:25,MCDONALDS FIL.2960,37.05,Noemi,Dining,gift
2024-11-13,05:26,SUNRISE 4040 TID 96007793,59.29,Noemi,Subscriptions,everyday
2024-11-13,19:48,COOP KLOTEN TRX 61676304,58.80,Bruno,Groceries,everyday
2024-11-13,20:52,Zvv //ZÜRICH,5.44,Ada,Transport,everyday
2024-11-14,14:17,ALNATURA ZUERICH WALLISELLEN,46.58,Bruno,Groceries,everyday
2024-11-14,21:00,BINDELLA RISTORANTE 17.03.24,92.96,Ada,Dining,date_night
2024-11-15,07:55,STARBUCKS 9827,8.40,Ada,Cafes,everyday
2024-11-15,09:56,STARBUCKS //Schlieren,5.16,Ada,Cafes,everyday
2024-11-15,14:59,DR MED HUBER PRAXIS,184.38,Ada,Health,everyday
2024-11-15,16:07,MICASA 8450,35.23,Ada,Home,everyday
2024-11-15,16:58,VICAFE,5.81,Noemi,Cafes,everyday
2024-11-16,11:48,MCDONALDS STORE192 CH,24.79,Ada,Dining,everyday
2024-11-16,12:36,TIBITS CH,48.36,Bruno,Dining,everyday
2024-11-16,15:22,Globus FIL.8391,83.58,Ada,Gifts,gift
2024-11-17,19:57,Mcdonalds 24.05.24 CARD*1129,16.67,Bruno,Dining,everyday
2024-11-18,06:53,ZVV,8.97,Bruno,Transport,everyday
2024-11-18,15:41,cafe central NO. 88297978,11.01,Noemi,Cafes,trip
2024-11-18,18:16,Coop Wallisellen SCHWEIZ,23.81,Ada,Groceries,everyday
2024-11-18,18:42,Cafe De Flore //Wien At 458 22.11.25,21.64,Noemi,Cafes,everyday
2024-11-18,19:05,GUIDED CITY TOUR,16.79,Noemi,Entertainment,trip
2024-11-19,07:50,COFFEE STOP Dietikon FIL.242,4.14,Noemi,Cafes,everyday
2024-11-19,19:20,UBER TRIP,7.92,Bruno,Transport,everyday
2024-11-19,19:21,TRATTORIA DA NINO KD.NR 8840885,49.54,Ada,Dining,trip
2024-11-20,07:05,Renfe Viajeros //Wien At 08.01.24 CARD*3283,22.91,Noemi,Transport,trip
2024-11-20,08:10,CAFE CENTRAL //WIEN AT TID 45445043,15.89,Bruno,Cafes,trip
2024-11-20,11:44,DEPOT ZUERICH //WALLISELLEN,138.19,Bruno,Home,everyday
2024-11-20,15:02,airbnb payments Wien At,227.91,Noemi,Travel,everyday
2024-11-20,16:41,Swiss Travel,108.25,Bruno,Travel,trip
2024-11-20,18:21,jumbo,56.85,Ada,Home,everyday
2024-11-21,13:39,BÄCKEREI HUG //USTER,10.76,Noemi,Groceries,trip
2024-11-21,15:12,AMAVITA APOTHEKE,30.62,Ada,Health,everyday
2024-11-21,17:30,COOP PRONTO Dietikon CARD*4918,7.63,Ada,Groceries,everyday
2024-11-21,18:14,MIGROS,25.67,Ada,Groceries,everyday
2024-11-21,20:42,KINO ARENA ZUERICH WIEDIKON FIL.7188,49.65,Noemi,Entertainment,date_night
2024-11-21,21:24,SUSHI ZEN/THALWIL,135.31,Ada,Dining,date_night
2024-11-21,21:29,TAVERNA MYKONOS STORE1317,75.24,Ada,Dining,trip
2024-11-22,08:44,Grand Cafe Odeon 04.02.26,26.28,Ada,Cafes,everyday
2024-11-22,11:02,GESCHENKIDEE CH,58.52,Ada,Gifts,gift
2024-11-22,12:43,ORELL FUESSLI //SCHLIEREN,21.79,Noemi,Gifts,gift
2024-11-22,15:48,black sheep KLOTEN 9972 14.09.26,7.85,Bruno,Cafes,everyday
2024-11-22,16:15,Sbb Cff Ffs BASEL CARD*4357,13.13,Noemi,Transport,date_night
2024-11-22,16:17,Spar Express BASEL,26.97,Noemi,Groceries,everyday
2024-11-22,19:09,GUIDED CITY TOUR,37.62,Bruno,Entertainment,trip
2024-11-23,09:04,MIGROS,36.95,Noemi,Groceries,everyday
2024-11-24,20:09,SCHAUSPIELHAUS,206.98,Bruno,Entertainment,date_night
2024-11-24,20:45,PATHE SPREITENBACH,23.73,Ada,Entertainment,everyday
2024-11-25,09:25,MIGROS //ZH NR.870,32.07,Bruno,Groceries,everyday
2024-11-25,10:29,VICAFE ZUERICH FIL.4732,7.45,Ada,Cafes,everyday
2024-11-25,14:33,BÄCKEREI HUG //Zh FIL.5660,15.68,Bruno,Groceries,date_night
2024-11-25,19:00,METZGEREI ANGST //ZUERICH 14.02.24,19.36,Bruno,Groceries,gift
2024-11-26,07:45,SBB CFF FFS ST GALLEN,9.83,Bruno,Transport,everyday
2024-11-26,09:56,BAECKEREI FISCHER TID 55955796 SCHWEIZ,10.33,Bruno,Groceries,everyday
2024-11-26,16:23,VICAFE STORE5617,6.11,Bruno,Cafes,everyday
2024-11-26,19:48,Nooch Asian Kitchen ZUERICH WIEDIKON FIL.2443 03.02.26 CARD*4410,45.13,Ada,Dining,everyday
2024-11-27,12:46,SBB CFF FFS CARD*5060,7.92,Bruno,Transport,everyday
2024-11-27,13:16,BAECKEREI FISCHER/ZÜRICH,11.38,Ada,Groceries,gift
2024-11-27,13:17,HILTL/KLOTEN,34.62,Bruno,Dining,everyday
2024-11-27,19:34,VOLG 8071,17.20,Noemi,Groceries,trip
2024-11-28,10:46,EASYJET //Thalwil 7800 03.05.24,178.43,Noemi,Travel,trip
2024-11-28,13:46,COOP ZUERICH NO. 61777529,47.93,Ada,Groceries,everyday
2024-11-29,09:50,MIGROS MM ZUERICH HB 03.03.24,4.21,Bruno,Groceries,everyday
2024-11-29,13:06,SWISS CHUCHI,81.78,Noemi,Dining,everyday
2024-11-29,16:08,Denner,28.76,Bruno,Groceries,everyday
2024-11-29,17:59,migros mm zuerich hb CARD*4210,13.63,Ada,Groceries,everyday
2024-11-30,08:31,SBB CFF FFS REF 68617030,59.88,Noemi,Transport,everyday
2024-11-30,14:59,BLACK SHEEP KD.NR 96160979,7.29,Bruno,Cafes,trip
2024-11-30,16:04,Amavita Apotheke DIETIKON,25.93,Noemi,Health,everyday
2024-11-30,19:34,PATHE SPREITENBACH REF 96741319,10.72,Ada,Entertainment,everyday
2024-11-30,20:26,ZEUGHAUSKELLER //DIETIKON CARD*1396,79.23,Ada,Dining,date_night
2024-11-30,20:35,Technorama,20.29,Ada,Entertainment,everyday
2024-12-01,04:02,SPOTIFY,13.20,Noemi,Subscriptions,everyday
2024-12-01,16:44,MICASA,47.13,Noemi,Home,everyday
2024-12-02,08:40,migros ST GALLEN 2872,12.45,Ada,Groceries,everyday
2024-12-02,10:43,MEDBASE TID 31717046,48.42,Noemi,Health,everyday
2024-12-02,14:37,INTERFLORA //St Gallen,97.74,Ada,Gifts,gift
2024-12-03,13:18,restaurant blaue ente Wallisellen,112.54,Bruno,Dining,everyday
2024-12-03,14:54,PATHE SPREITENBACH Kloten,15.89,Ada,Entertainment,everyday
2024-12-03,18:21,MCDONALDS 13.08.26 REF 62797684,30.31,Noemi,Dining,everyday
2024-12-03,19:03,kronenhalle //ZÜRICH,139.96,Ada,Dining,date_night
2024-12-03,19:38,MIGROS MM ZUERICH HB/ZURICH FIL.459 13.03.26,12.64,Ada,Groceries,everyday
2024-12-03,20:20,MCDONALDS 28.11.24,26.62,Noemi,Dining,everyday
2024-12-03,21:37,EASYJET REF 95021968,314.35,Noemi,Travel,trip
2024-12-04,03:33,NZZ ABO,39.60,Noemi,Subscriptions,everyday
2024-12-04,04:29,Disney Plus STORE6533 CARD*8203,15.91,Noemi,Subscriptions,everyday
2024-12-04,06:41,BP TANKSTELLE,196.69,Ada,Transport,everyday
2024-12-04,16:37,ALDI SUISSE,49.54,Ada,Groceries,everyday
2024-12-04,17:38,ORELL FUESSLI,68.80,Noemi,Gifts,gift
2024-12-04,21:14,KAUFLEUTEN/BASEL,31.67,Ada,Entertainment,everyday
2024-12-05,14:48,CAFETERIA ETH,6.49,Ada,Cafes,everyday
2024-12-05,15:16,baeckerei fischer/ST GALLEN CARD*7136,6.66,Ada,Groceries,date_night
2024-12-05,18:33,BRASSERIE LIPP ZUERICH //ZÜRICH,100.13,Bruno,Dining,date_night
2024-12-05,20:26,HILTL Thalwil 8100 CARD*5244,52.39,Bruno,Dining,everyday
2024-12-05,21:30,mcdonalds CARD*7907,19.25,Ada,Dining,everyday
2024-12-05,21:40,PATHE SPREITENBACH/LUZERN 28.04.26 TRX 40697051,19.93,Ada,Entertainment,everyday
2024-12-06,03:05,ICLOUD 20.10.26 CH,2.92,Ada,Subscriptions,everyday
2024-12-06,04:19,FITNESSPARK ABO,88.13,Ada,Subscriptions,everyday
2024-12-06,08:58,SBB CFF FFS //THALWIL,30.10,Bruno,Transport,everyday
2024-12-06,11:49,ALDI SUISSE/ST GALLEN,11.51,Ada,Groceries,everyday
2024-12-06,13:02,PHYSIOTHERAPIE SEEFELD,47.33,Noemi,Health,everyday
2024-12-06,13:55,TOPPHARM APOTHEKE/ZÜRICH REF 10391118,86.86,Noemi,Health,date_night
2024-12-06,15:35,KINO RIFFRAFF CARD*1669,19.79,Noemi,Entertainment,trip
2024-12-06,16:27,medbase CARD*4143,68.08,Ada,Health,everyday
2024-12-06,16:45,GLOBUS Dietikon 05.05.26 CARD*6629,101.86,Ada,Gifts,gift
2024-12-06,18:03,Migros LUZERN KD.NR 88042122,18.32,Bruno,Groceries,everyday
2024-12-07,13:11,SWISS TRAVEL DIETIKON,69.49,Noemi,Travel,trip
2024-12-07,20:22,RESTAURANT SANTA LUCIA REF 55773617,89.74,Noemi,Dining,everyday
2024-12-08,03:32,SWISSCOM,78.69,Ada,Subscriptions,everyday
2024-12-08,12:15,Restaurant Santa Lucia/ZÜRICH NR.5258 21.08.26,65.04,Bruno,Dining,everyday
2024-12-09,02:25,Salt Mobile NR.3866,49.22,Ada,Subscriptions,everyday
2024-12-09,07:18,SOCAR TANKSTELLE USTER 8176,35.81,Bruno,Transport,everyday
2024-12-09,12:04,MICASA Zurich,12.48,Ada,Home,everyday
2024-12-09,13:37,PHYSIOTHERAPIE SEEFELD //WALLISELLEN,162.29,Bruno,Health,everyday
2024-12-09,16:08,COOP PRONTO/BERN,12.59,Bruno,Groceries,everyday
2024-12-09,18:04,COFFEE STOP 3455,6.15,Ada,Cafes,everyday
2024-12-09,20:01,SWISS TRAVEL FIL.7899,271.88,Bruno,Travel,trip
2024-12-09,20:14,BRASSERIE LIPP ZUERICH STORE5949,77.10,Ada,Dining,everyday
2024-12-10,02:01,NETFLIX NO. 32679302,19.67,Noemi,Subscriptions,everyday
2024-12-10,08:18,volg CARD*2084,8.53,Bruno,Groceries,everyday
2024-12-10,09:33,Optiker Koch //WINTERTHUR KD.NR 54937225 SUISSE,113.76,Ada,Health,gift
2024-12-10,10:00,MANOR 07.07.25,84.02,Ada,Gifts,gift
2024-12-10,21:39,SWISS INTERNATIONAL AIR LINES,472.79,Ada,Travel,trip
2024-12-11,04:28,Serafe 15.06.26,111.61,Noemi,Subscriptions,everyday
2024-12-11,09:12,COOP PRONTO //ZURICH,21.74,Noemi,Groceries,everyday
2024-12-11,10:49,ALDI SUISSE/St Gallen NR.2429,19.95,Bruno,Groceries,everyday
2024-12-11,12:07,COOP,25.75,Noemi,Groceries,everyday
2024-12-11,12:07,SWISS TRAVEL/Dietikon,96.96,Ada,Travel,trip
2024-12-11,15:58,ORELL FUESSLI,32.41,Noemi,Gifts,gift
2024-12-11,18:43,VBZ TICKET,5.18,Noemi,Transport,everyday
2024-12-12,11:34,BLUMENGALERIE SEEFELD //WINTERTHUR,75.57,Bruno,Gifts,gift
2024-12-12,12:00,interflora ZUERICH OERLIKON 13.12.24,40.41,Ada,Gifts,gift
2024-12-13,03:53,SUNRISE CH,59.26,Noemi,Subscriptions,trip
2024-12-13,08:23,hotel adler,297.10,Bruno,Travel,trip
2024-12-13,10:10,Ikea Dietlikon THALWIL 6983 12.12.24,216.64,Ada,Home,everyday
2024-12-13,12:43,APOTHEKE ZUR ROSE,34.44,Bruno,Health,everyday
2024-12-13,14:24,SBB CFF FFS/ZÜRICH 18.07.26,20.89,Ada,Transport,everyday
2024-12-13,16:15,Vbz Ticket NR.9392,4.51,Ada,Transport,everyday
2024-12-13,18:05,ZVV 04.06.24,4.23,Bruno,Transport,everyday
2024-12-13,19:15,LE DEZALEY,200.99,Ada,Dining,date_night
2024-12-14,13:13,DENNER NR.2825 CARD*9321,7.40,Noemi,Groceries,everyday
2024-12-14,16:49,INTERFLORA BERN 04.02.24,37.59,Noemi,Gifts,gift
2024-12-14,19:52,MIGROS MM ZUERICH HB St Gallen,36.39,Bruno,Groceries,everyday
2024-12-14,21:30,RESTAURANT ZUM GRUENEN GLAS FIL.7556 16.11.24,128.47,Ada,Dining,date_night
2024-12-15,08:20,flixbus DIETIKON,48.83,Ada,Travel,trip
2024-12-16,13:34,Restaurant Linde,62.52,Noemi,Dining,everyday
2024-12-16,14:25,EASYJET BASEL CARD*1789,53.05,Bruno,Travel,trip
2024-12-16,18:39,SCHAUSPIELHAUS USTER,159.35,Bruno,Entertainment,date_night
2024-12-16,19:52,METZGEREI ANGST 1115,48.16,Noemi,Groceries,date_night
2024-12-16,21:43,KINO RIFFRAFF,35.61,Ada,Entertainment,everyday
2024-12-17,13:39,DENNER St Gallen,32.68,Ada,Groceries,everyday
2024-12-17,15:13,SCHAUSPIELHAUS WINTERTHUR 3558,114.76,Ada,Entertainment,everyday
2024-12-17,17:18,ZVV //ST GALLEN 12.06.26,9.78,Bruno,Transport,everyday
2024-12-18,21:15,TIBITS 1335,15.79,Ada,Dining,everyday
2024-12-19,12:57,CHRIST UHREN SCHMUCK,1138.88,Ada,Gifts,everyday
2024-12-19,13:29,DEPOT ZUERICH,59.78,Bruno,Home,everyday
2024-12-19,14:42,MIGROS MM ZUERICH HB //Dietikon,28.93,Noemi,Groceries,everyday
2024-12-20,15:24,BLUME 3000 THALWIL 26.12.24,59.40,Ada,Gifts,gift
2024-12-20,17:57,CAFE BÄCKEREI ZEIT NR.2055,7.29,Bruno,Cafes,everyday
2024-12-21,12:52,Alnatura Zuerich NR.5190,32.48,Ada,Groceries,everyday
2024-12-21,13:22,PIZZERIA DA MICHELE/ST GALLEN FIL.1506 04.06.24 REF 81689934,63.46,Bruno,Dining,everyday
2024-12-21,13:36,coop BERN FIL.908,17.20,Ada,Groceries,everyday
2024-12-21,13:46,Interflora NR.1663,30.09,Bruno,Gifts,gift
2024-12-21,15:42,Ikea Dietlikon REF 7367746 CH,198.76,Bruno,Home,everyday
2024-12-22,12:10,KRONENHALLE ZUERICH WIEDIKON 13.03.24 NO. 44757289,131.78,Noemi,Dining,trip
2024-12-22,19:44,ZOO ZUERICH FIL.9015,24.78,Ada,Entertainment,everyday
2024-12-22,20:01,KINO ARENA //WINTERTHUR CARD*5805,18.97,Bruno,Entertainment,everyday
2024-12-23,12:27,MANOR St Gallen FIL.5736,113.69,Ada,Gifts,gift
2024-12-23,15:03,KINO RIFFRAFF ST GALLEN NR.6354 REF 41449393,28.34,Noemi,Entertainment,everyday
2024-12-23,16:09,BLACK SHEEP,9.66,Noemi,Cafes,everyday
2024-12-23,16:59,COOP/BASEL FIL.8666,17.78,Ada,Groceries,gift
2024-12-23,17:25,Manor ZURICH,50.82,Ada,Gifts,gift
2024-12-23,18:39,PATHE SPREITENBACH 4528,11.29,Ada,Entertainment,everyday
2024-12-23,20:46,PARKHAUS HOHE PROMENADE,9.15,Noemi,Transport,everyday
2024-12-24,09:50,CAFE BÄCKEREI ZEIT ZUERICH OERLIKON 8101 28.05.25,6.62,Noemi,Cafes,everyday
2024-12-24,11:27,COOP PRONTO //BASEL 05.10.26,7.40,Bruno,Groceries,everyday
2024-12-24,19:02,BURGER KING,4.72,Noemi,Dining,everyday
2024-12-26,18:29,COOP KD.NR 84928715,29.22,Ada,Groceries,everyday
2024-12-26,18:48,KINO ARENA THALWIL 4764,19.43,Ada,Entertainment,everyday
2024-12-27,08:54,MIGROS,72.08,Ada,Groceries,gift
2024-12-27,09:38,COOP,20.38,Ada,Groceries,everyday
2024-12-27,11:39,APOTHEKE ZUR ROSE WALLISELLEN CARD*5494,25.69,Ada,Health,everyday
2024-12-27,19:31,migrolino,12.80,Noemi,Groceries,everyday
2024-12-27,20:19,Brasserie Lipp Zuerich/Zh TID 90878666,77.72,Noemi,Dining,everyday
2024-12-28,09:56,COOP //DIETIKON,28.99,Ada,Groceries,everyday
2024-12-28,12:58,HORNBACH ZUERICH OERLIKON NO. 66767957,125.76,Noemi,Home,everyday
2024-12-28,17:17,ORELL FUESSLI ZÜRICH FIL.8710 REF 13037071,15.38,Ada,Gifts,gift
2024-12-28,19:57,PIZZERIA DA MICHELE,26.33,Bruno,Dining,date_night
2024-12-28,19:59,migros CH,8.26,Noemi,Groceries,everyday
2024-12-30,20:29,BRASSERIE LIPP ZUERICH,228.63,Ada,Dining,date_night
2024-12-31,08:38,BOLT RIDE 27.03.24 CARD*9591,11.41,Noemi,Transport,everyday
2024-12-31,09:34,GRAND CAFE ODEON/THALWIL,35.09,Noemi,Cafes,everyday
2024-12-31,17:57,COOP BAU HOBBY STORE2590,58.38,Bruno,Home,everyday
2024-12-31,18:48,BURGER KING Winterthur 25.07.26 SCHWEIZ,23.81,Noemi,Dining,everyday
2024-12-31,20:52,Pizzeria Da Michele,21.62,Ada,Dining,date_night
2025-01-01,05:54,Spotify,12.95,Bruno,Subscriptions,gift
2025-01-01,06:35,BP TANKSTELLE 8432 02.05.24,82.40,Bruno,Transport,everyday
2025-01-01,07:45,shell autobahn WINTERTHUR 9574,138.81,Noemi,Transport,everyday
2025-01-01,14:07,BOHEMIA CAFE,11.66,Ada,Cafes,everyday
2025-01-02,07:21,Starbucks NR.2857 NO. 49603224,14.19,Bruno,Cafes,everyday
2025-01-02,08:32,SOCAR TANKSTELLE,112.23,Ada,Transport,everyday
2025-01-02,12:52,POSTAUTO USTER STORE6888 27.06.26,6.91,Bruno,Transport,everyday
2025-01-02,18:22,SWISS TRAVEL //USTER STORE6809,78.93,Bruno,Travel,trip
2025-01-03,16:26,BLACK SHEEP 4614,6.53,Ada,Cafes,everyday
2025-01-03,17:03,Coop,33.77,Ada,Groceries,everyday
2025-01-03,21:29,ZEUGHAUSKELLER //Schlieren FIL.2801 CARD*5700,97.34,Noemi,Dining,date_night
2025-01-04,05:11,NZZ ABO NR.3371,38.87,Bruno,Subscriptions,everyday
2025-01-04,05:16,DISNEY PLUS,15.69,Noemi,Subscriptions,everyday
2025-01-04,08:33,AMAVITA APOTHEKE ST GALLEN,17.65,Noemi,Health,trip
2025-01-04,09:04,BOHEMIA CAFE,34.23,Bruno,Cafes,everyday
2025-01-04,11:31,COOP BAU HOBBY //LUZERN STORE1444 11.06.25,35.85,Ada,Home,everyday
2025-01-04,11:53,RESTAURANT LINDE,75.38,Ada,Dining,everyday
2025-01-04,13:01,Cafeteria Eth,4.02,Ada,Cafes,everyday
2025-01-04,13:31,JUMBO THALWIL,97.09,Ada,Home,everyday
2025-01-04,15:26,HORNBACH //WINTERTHUR,76.87,Bruno,Home,everyday
2025-01-04,18:51,ZEUGHAUSKELLER,94.86,Bruno,Dining,everyday
2025-01-05,08:33,Cafe Central LYON FR 6742,11.02,Noemi,Cafes,trip
2025-01-05,18:45,CITY BIKE RENT Lyon Fr STORE721 05.12.25,15.82,Ada,Transport,trip
2025-01-05,19:55,BISTRO LE PETIT,120.34,Noemi,Dining,trip
2025-01-06,02:35,Icloud,2.96,Noemi,Subscriptions,everyday
2025-01-06,04:19,FITNESSPARK ABO NR.4641,91.26,Bruno,Subscriptions,everyday
2025-01-06,08:41,AEROPORTO TAXI SUISSE,41.39,Noemi,Transport,trip
2025-01-06,11:38,lidl schweiz/KLOTEN,16.58,Noemi,Groceries,everyday
2025-01-06,17:10,SBB RAILAWAY,108.82,Noemi,Travel,trip
2025-01-06,18:10,HOTEL DE LA PAIX 23.05.26 SUISSE,365.59,Bruno,Travel,trip
2025-01-07,06:37,City Bike Rent/LYON FR,28.08,Noemi,Transport,trip
2025-01-07,07:02,SBB CFF FFS WALLISELLEN REF 66939518 SCHWEIZ,13.45,Noemi,Transport,everyday
2025-01-07,08:59,Sbb Cff Ffs KLOTEN,11.18,Noemi,Transport,everyday
2025-01-07,13:28,IKEA DIETLIKON //DIETIKON,405.92,Noemi,Home,date_night
2025-01-07,14:06,PARKHAUS HOHE PROMENADE/LUZERN,6.95,Noemi,Transport,everyday
2025-01-07,15:29,BOHEMIA CAFE THALWIL 04.01.25,14.64,Ada,Cafes,everyday
2025-01-07,16:56,AIRBNB PAYMENTS,134.02,Bruno,Travel,trip
2025-01-08,02:19,Swisscom FIL.3627,78.60,Ada,Subscriptions,everyday
2025-01-08,07:36,KAFFEEHAUS SPERL //LYON FR,9.55,Ada,Cafes,trip
2025-01-08,16:20,MOBILITY CARD*9161,51.00,Ada,Transport,everyday
2025-01-09,05:43,salt mobile STORE8886,50.38,Bruno,Subscriptions,everyday
2025-01-09,08:04,MOEVENPICK CAFE ZUERICH OERLIKON,8.68,Ada,Cafes,everyday
2025-01-09,09:35,HOTEL BELLEVUE SCHLIEREN,228.84,Bruno,Travel,trip
2025-01-10,04:27,NETFLIX,19.81,Bruno,Subscriptions,everyday
2025-01-10,06:51,zvv,2.98,Ada,Transport,everyday
2025-01-10,07:41,BP TANKSTELLE/ZUERICH OERLIKON,109.73,Bruno,Transport,everyday
2025-01-10,09:57,MIGROS,21.98,Noemi,Groceries,everyday
2025-01-10,12:45,SWISS TRAVEL,111.70,Noemi,Travel,trip
2025-01-10,13:50,APOTHEKE ZUR ROSE/ZUERICH NR.252,66.06,Noemi,Health,date_night
2025-01-10,13:56,INTERFLORA REF 50039410,38.31,Bruno,Gifts,gift
2025-01-10,14:53,SWISS INTERNATIONAL AIR LINES ZUERICH,127.17,Noemi,Travel,trip
2025-01-10,18:36,TRATTORIA DA NINO/AMSTERDAM NL 20.02.25,48.04,Bruno,Dining,everyday
2025-01-10,18:45,Swiss Chuchi Zuerich Oerlikon 4749,59.03,Bruno,Dining,date_night
2025-01-10,19:08,PIZZERIA DA MICHELE //SCHLIEREN 9713,87.13,Bruno,Dining,date_night
2025-01-10,19:18,METZGEREI ANGST/THALWIL,37.41,Ada,Groceries,everyday
2025-01-10,19:34,Alnatura Zuerich ZUERICH WIEDIKON,34.93,Noemi,Groceries,everyday
2025-01-11,04:35,SERAFE CARD*1930,112.02,Ada,Subscriptions,everyday
2025-01-11,09:45,COOP //ZUERICH OERLIKON,39.37,Ada,Groceries,everyday
2025-01-11,10:49,SWISS INTERNATIONAL AIR LINES ZURICH 19.04.24 CARD*4706,154.09,Bruno,Travel,trip
2025-01-11,13:27,Brasserie Georges NR.2913 21.06.24,63.76,Bruno,Dining,trip
2025-01-11,15:00,HORNBACH,71.80,Bruno,Home,everyday
2025-01-11,22:13,TEATRO ROMANO,24.05,Bruno,Entertainment,trip
2025-01-12,09:44,kaffeehaus sperl 11.02.26 REF 71538615,20.92,Bruno,Cafes,trip
2025-01-12,12:25,TRATTORIA DA NINO AMSTERDAM NL,50.31,Bruno,Dining,trip
2025-01-12,20:41,kronenhalle 3381 CARD*3028,148.35,Noemi,Dining,date_night
2025-01-13,03:20,Sunrise,58.43,Bruno,Subscriptions,everyday
2025-01-13,06:04,HOTEL BOAVISTA AMSTERDAM NL TID 96784507,105.22,Ada,Travel,trip
2025-01-13,08:13,STARBUCKS //WINTERTHUR 11.05.25,8.29,Bruno,Cafes,everyday
2025-01-13,08:21,PHYSIOTHERAPIE SEEFELD ZUERICH OERLIKON 7849,137.14,Noemi,Health,everyday
2025-01-13,13:59,Migros,33.06,Noemi,Groceries,everyday
2025-01-13,15:14,MEDBASE //SCHLIEREN,73.06,Bruno,Health,everyday
2025-01-13,16:39,SBB CFF FFS FIL.871,28.93,Bruno,Transport,everyday
2025-01-13,18:41,ORELL FUESSLI/ZUERICH WIEDIKON 5281,31.42,Bruno,Gifts,gift
2025-01-13,19:28,ALNATURA ZUERICH Luzern,85.15,Noemi,Groceries,everyday
2025-01-13,19:59,Kaufleuten Zh 01.07.24,20.31,Bruno,Entertainment,everyday
2025-01-13,20:03,hotel boavista/AMSTERDAM NL 4623,601.12,Ada,Travel,trip
2025-01-13,21:05,Nooch Asian Kitchen //BERN,26.45,Noemi,Dining,everyday
2025-01-14,13:09,HILTL KLOTEN 8207 27.07.26,58.48,Noemi,Dining,everyday
2025-01-14,17:40,INTERFLORA //THALWIL CARD*8357,18.68,Bruno,Gifts,everyday
2025-01-15,08:10,MIGROS/ZÜRICH 3342,54.14,Bruno,Groceries,everyday
2025-01-15,09:37,Ikea Dietlikon WINTERTHUR FIL.7698 22.04.26,112.45,Ada,Home,everyday
2025-01-15,13:13,zoo zuerich 02.11.24,97.52,Bruno,Entertainment,everyday
2025-01-15,16:27,Jumbo,55.04,Bruno,Home,everyday
2025-01-15,21:18,SOCAR TANKSTELLE WALLISELLEN CH,44.56,Bruno,Transport,everyday
2025-01-16,07:57,Starbucks //SCHLIEREN,7.20,Bruno,Cafes,everyday
2025-01-16,08:11,amavita apotheke 1801,34.44,Bruno,Health,everyday
2025-01-16,13:32,RESTAURANT SANTA LUCIA 12.08.24,62.30,Noemi,Dining,everyday
2025-01-16,16:32,CAFE BÄCKEREI ZEIT CARD*6751,15.12,Ada,Cafes,everyday
2025-01-16,17:07,FLIXBUS,56.45,Noemi,Travel,trip
2025-01-16,18:09,BLACK SHEEP CH,9.27,Bruno,Cafes,everyday
2025-01-16,21:36,FLIXBUS CH,38.67,Ada,Travel,trip
2025-01-17,18:36,socar tankstelle/ZURICH 407 KD.NR 50698336,31.88,Noemi,Transport,everyday
2025-01-17,20:42,BINDELLA RISTORANTE,86.71,Noemi,Dining,date_night
2025-01-18,07:31,SBB CFF FFS,38.79,Bruno,Transport,everyday
2025-01-18,16:06,aldi suisse,6.16,Noemi,Groceries,everyday
2025-01-18,17:54,HORNBACH/WINTERTHUR 16.11.25 CARD*8522,127.30,Bruno,Home,everyday
2025-01-18,19:10,Restaurant Zum Gruenen Glas USTER,167.31,Bruno,Dining,date_night
2025-01-18,19:43,KAUFLEUTEN 23.07.25,43.31,Bruno,Entertainment,date_night
2025-01-18,19:47,KINO ARENA,30.15,Noemi,Entertainment,date_night
2025-01-18,21:32,KAUFLEUTEN KD.NR 52171097 CARD*2695,27.53,Noemi,Entertainment,date_night
2025-01-19,08:24,UBER TRIP,62.44,Noemi,Transport,everyday
2025-01-20,10:39,SOCAR TANKSTELLE,85.32,Noemi,Transport,everyday
2025-01-20,12:33,SPAR EXPRESS Kloten 325 17.07.26,11.97,Ada,Groceries,everyday
2025-01-20,13:17,MERCADO ARTESANAL LOCARNO CH NO. 41412761,33.37,Bruno,Gifts,trip
2025-01-20,14:46,KAFFEEHAUS SPERL LOCARNO CH,14.50,Noemi,Cafes,trip
2025-01-20,20:32,teatro romano //LOCARNO CH KD.NR 37610852,27.85,Noemi,Entertainment,trip
2025-01-20,21:29,SWISS CHUCHI ZH,68.82,Bruno,Dining,date_night
2025-01-21,09:25,AIRBNB PAYMENTS/LOCARNO CH,198.54,Bruno,Travel,everyday
2025-01-21,09:48,MOEVENPICK CAFE Bern TID 72501775,22.40,Ada,Cafes,everyday
2025-01-21,16:40,coop,46.07,Ada,Groceries,everyday
2025-01-21,17:56,ALDI SUISSE CARD*8950,24.69,Ada,Groceries,everyday
2025-01-21,18:55,SCHAUSPIELHAUS DIETIKON KD.NR 67492075,82.96,Ada,Entertainment,everyday
2025-01-22,07:34,CAFE CENTRAL LOCARNO CH,10.47,Noemi,Cafes,trip
2025-01-22,10:34,Volg ZÜRICH REF 10492057,35.92,Noemi,Groceries,everyday
2025-01-23,07:51,STARBUCKS,7.82,Ada,Cafes,everyday
2025-01-23,09:35,CAFE DE FLORE //LOCARNO CH STORE3637 CARD*5808 SCHWEIZ,11.81,Ada,Cafes,everyday
2025-01-23,13:26,starbucks KD.NR 97306171,9.38,Ada,Cafes,everyday
2025-01-23,17:40,TOPPHARM APOTHEKE ZÜRICH,52.56,Bruno,Health,date_night
2025-01-23,18:29,PASTELARIA BELEM 21.02.24,7.09,Noemi,Cafes,trip
2025-01-24,07:11,aeroporto taxi 2187,41.06,Bruno,Transport,trip
2025-01-24,08:36,PARKHAUS HOHE PROMENADE ZH,28.19,Ada,Transport,everyday
2025-01-24,08:47,TRENITALIA LOCARNO CH,25.84,Bruno,Transport,trip
2025-01-24,09:30,Pfister Moebel //ZUERICH WIEDIKON,179.56,Bruno,Home,everyday
2025-01-24,15:45,Jumbo,23.56,Bruno,Home,everyday
2025-01-24,16:18,Baeckerei Fischer NR.472,3.87,Bruno,Groceries,everyday
2025-01-24,18:16,VICAFE,7.95,Bruno,Cafes,everyday
2025-01-25,10:39,MICASA 2018,265.92,Bruno,Home,everyday
2025-01-25,13:44,MERCADO ARTESANAL LOCARNO CH SUISSE,28.22,Bruno,Gifts,trip
2025-01-25,14:02,pfister moebel 09.10.26,86.01,Noemi,Home,everyday
2025-01-25,18:36,BISTRO LE PETIT Locarno Ch,98.00,Ada,Dining,trip
2025-01-25,21:36,KRONENHALLE 20.04.24 CARD*2150,139.09,Noemi,Dining,gift
2025-01-26,08:29,CITY BIKE RENT/LOCARNO CH REF 84978775,7.85,Ada,Transport,trip
2025-01-26,08:42,CAFE CENTRAL LOCARNO CH 06.05.25,8.62,Noemi,Cafes,trip
2025-01-26,14:02,COOP,8.63,Bruno,Groceries,everyday
2025-01-26,19:36,guided city tour //LOCARNO CH,24.52,Ada,Entertainment,trip
2025-01-27,07:25,GRAND CAFE ODEON DIETIKON 26.01.26,36.34,Bruno,Cafes,everyday
2025-01-27,08:06,Black Sheep BASEL,7.13,Ada,Cafes,everyday
2025-01-27,08:49,Aeroporto Taxi,40.76,Ada,Transport,trip
2025-01-27,08:52,RENFE VIAJEROS //Locarno Ch,78.09,Noemi,Transport,trip
2025-01-27,11:21,Hotel Adler CH,136.59,Noemi,Travel,trip
2025-01-27,11:24,HOTEL ADLER CARD*8299,228.11,Noemi,Travel,trip
2025-01-27,13:24,migros 06.12.26,32.13,Bruno,Groceries,everyday
2025-01-27,14:25,PASTELARIA BELEM KD.NR 98797864,11.80,Ada,Cafes,trip
2025-01-28,07:26,grand cafe odeon 21.10.26,17.00,Ada,Cafes,everyday
2025-01-28,07:47,BLACK SHEEP SCHLIEREN,4.43,Bruno,Cafes,everyday
2025-01-28,16:09,TOPPHARM APOTHEKE KD.NR 73099238,58.70,Bruno,Health,everyday
2025-01-29,11:18,landi SUISSE,20.28,Noemi,Home,trip
2025-01-29,11:58,Zeughauskeller,71.25,Bruno,Dining,everyday
2025-01-29,15:11,Kaufleuten STORE2986 CARD*5018 CH,10.40,Bruno,Entertainment,everyday
2025-01-30,07:15,Starbucks,7.42,Bruno,Cafes,everyday
2025-01-30,13:52,COOP/Zuerich Wiedikon,21.78,Ada,Groceries,everyday
2025-01-30,20:35,restaurant blaue ente LUZERN 3199,189.47,Ada,Dining,date_night
2025-01-31,08:59,Migros/Zurich 18.07.25,48.48,Bruno,Groceries,everyday
2025-01-31,17:46,OBI BAUMARKT,19.71,Noemi,Home,everyday
2025-01-31,19:03,Bäckerei Hug,3.33,Ada,Groceries,trip
2025-01-31,21:30,KEBAB HOUSE,24.92,Bruno,Dining,everyday
2025-02-01,02:50,SPOTIFY,12.79,Noemi,Subscriptions,everyday
2025-02-01,11:59,kebab house //Kloten 08.03.24,17.59,Bruno,Dining,everyday
2025-02-01,13:42,OPERNHAUS ZUERICH WALLISELLEN,230.79,Ada,Entertainment,everyday
2025-02-01,16:20,Taxi Zuerich,45.62,Ada,Transport,everyday
2025-02-01,17:55,MICASA,54.03,Bruno,Home,everyday
2025-02-01,19:06,NOOCH ASIAN KITCHEN ST GALLEN,22.52,Ada,Dining,everyday
2025-02-01,19:25,SBB CFF FFS CARD*5980,70.85,Noemi,Transport,everyday
2025-02-01,19:40,KEBAB HOUSE,17.04,Bruno,Dining,everyday
2025-02-01,20:52,ZOO ZUERICH //Zh TID 28821103,61.63,Noemi,Entertainment,everyday
2025-02-02,12:00,RESTAURANT BLAUE ENTE,183.13,Bruno,Dining,everyday
2025-02-02,20:12,tibits ZUERICH WIEDIKON 9462,23.64,Noemi,Dining,everyday
2025-02-02,20:41,KAUFLEUTEN,50.32,Ada,Entertainment,gift
2025-02-02,22:24,kino riffraff TID 26093089,22.88,Noemi,Entertainment,everyday
2025-02-03,09:56,BOHEMIA CAFE //ST GALLEN CARD*3724,11.83,Bruno,Cafes,everyday
2025-02-03,12:08,BLUMENGALERIE SEEFELD 27.09.26,55.74,Bruno,Gifts,gift
2025-02-03,12:19,KRONENHALLE NR.1234,199.89,Ada,Dining,date_night
2025-02-04,02:53,Nzz Abo FIL.554,38.64,Noemi,Subscriptions,everyday
2025-02-04,04:26,DISNEY PLUS,15.92,Bruno,Subscriptions,everyday
2025-02-04,09:48,Grand Cafe Odeon ZÜRICH NR.4541,20.62,Noemi,Cafes,everyday
2025-02-04,11:33,ZVV //THALWIL,2.01,Ada,Transport,everyday
2025-02-05,13:18,Hotel Bellevue USTER 8969,238.36,Noemi,Travel,trip
2025-02-05,16:16,MIGROS MM ZUERICH HB ST GALLEN KD.NR 64423738,11.69,Noemi,Groceries,everyday
2025-02-05,17:58,APOTHEKE ZUR ROSE BERN 19.07.26,21.09,Ada,Health,everyday
2025-02-06,02:06,FITNESSPARK ABO 8238,89.34,Ada,Subscriptions,everyday
2025-02-06,02:42,Icloud 3356,2.96,Bruno,Subscriptions,everyday
2025-02-06,12:00,zeughauskeller ZUERICH WIEDIKON,126.94,Noemi,Dining,date_night
2025-02-06,13:12,VICAFE CARD*9234,3.98,Bruno,Cafes,everyday
2025-02-06,13:18,COOP BAU HOBBY Uster 5997 KD.NR 82400902,32.62,Ada,Home,everyday
2025-02-06,13:40,COOP KLOTEN,55.06,Noemi,Groceries,everyday
2025-02-06,19:48,MCDONALDS NR.9347,12.76,Ada,Dining,trip
2025-02-07,09:47,BOHEMIA CAFE,10.38,Bruno,Cafes,everyday
2025-02-07,14:57,OBI BAUMARKT/ZUERICH OERLIKON,40.84,Noemi,Home,everyday
2025-02-07,15:46,BP TANKSTELLE ZUERICH OERLIKON FIL.3254,72.23,Noemi,Transport,everyday
2025-02-07,17:26,Swiss Travel,111.75,Noemi,Travel,everyday
2025-02-07,17:30,Amavita Apotheke 07.11.24,21.80,Ada,Health,everyday
2025-02-07,18:34,VOLG DIETIKON,19.18,Noemi,Groceries,everyday
2025-02-07,19:57,SUSHI ZEN BASEL,45.66,Ada,Dining,date_night
2025-02-08,02:31,SWISSCOM NR.4239 TID 8769988,79.84,Bruno,Subscriptions,date_night
2025-02-08,14:44,MARKTHALLE BASEL ZÜRICH,22.62,Ada,Groceries,everyday
2025-02-08,18:53,GESCHENKIDEE CH NR.3365,63.63,Bruno,Gifts,gift
2025-02-08,19:38,LIDL SCHWEIZ 9129 01.11.25 CARD*7628,14.85,Ada,Groceries,everyday
2025-02-09,03:50,SALT MOBILE FIL.7993 REF 25326177,50.12,Noemi,Subscriptions,everyday
2025-02-09,13:13,Restaurant Linde THALWIL FIL.2992,54.85,Noemi,Dining,everyday
2025-02-10,02:26,NETFLIX,20.23,Ada,Subscriptions,everyday
2025-02-10,07:05,EASYJET,107.68,Ada,Travel,trip
2025-02-10,10:16,MIGROLINO,5.00,Bruno,Groceries,everyday
2025-02-10,12:32,CHRIST UHREN SCHMUCK //WINTERTHUR 13.10.26,222.70,Bruno,Gifts,gift
2025-02-10,12:37,migros BERN,27.73,Noemi,Groceries,everyday
2025-02-10,13:40,PIZZERIA DA MICHELE,129.35,Bruno,Dining,everyday
2025-02-10,16:13,POSTAUTO/WINTERTHUR,11.19,Bruno,Transport,everyday
2025-02-10,18:08,Markthalle Basel ZUERICH OERLIKON 300,8.76,Bruno,Groceries,everyday
2025-02-11,02:18,SERAFE 7080 SUISSE,112.33,Ada,Subscriptions,everyday
2025-02-11,08:32,Moevenpick Cafe SCHLIEREN,15.88,Bruno,Cafes,everyday
2025-02-11,15:39,VICAFE,5.99,Ada,Cafes,everyday
2025-02-11,17:54,DENNER ST GALLEN 14.02.25 CARD*3769,27.39,Ada,Groceries,everyday
2025-02-11,19:33,MCDONALDS 9119,18.96,Noemi,Dining,everyday
2025-02-11,21:40,Swiss Chuchi 5599,47.69,Ada,Dining,date_night
2025-02-12,11:47,migros Zurich,25.48,Bruno,Groceries,everyday
2025-02-12,17:12,Landi BASEL,34.76,Bruno,Home,everyday
2025-02-13,03:43,SUNRISE,59.08,Noemi,Subscriptions,everyday
2025-02-13,07:25,Cafe Spruengli Wallisellen 9222 16.10.25 CARD*2289,18.20,Ada,Cafes,everyday
2025-02-13,14:39,baeckerei fischer,14.88,Ada,Groceries,gift
2025-02-13,15:39,Kaufleuten,23.63,Noemi,Entertainment,trip
2025-02-13,17:32,MIGROS //Zuerich Wiedikon NR.6205 CARD*1632,48.31,Noemi,Groceries,everyday
2025-02-14,13:25,Opernhaus Zuerich FIL.4097,65.80,Bruno,Entertainment,everyday
2025-02-14,14:47,KAUFLEUTEN,22.98,Noemi,Entertainment,everyday
2025-02-14,16:16,Bp Tankstelle,97.62,Noemi,Transport,everyday
2025-02-14,16:39,BLUME 3000 KLOTEN,57.72,Noemi,Gifts,gift
2025-02-14,16:43,baeckerei fischer BASEL,4.31,Noemi,Groceries,everyday
2025-02-14,18:45,PARKHAUS HOHE PROMENADE DIETIKON,5.93,Ada,Transport,date_night
2025-02-15,15:19,COOP,37.24,Noemi,Groceries,trip
2025-02-15,15:27,SPAR EXPRESS/BERN 12.07.26 CARD*2617,18.05,Ada,Groceries,everyday
2025-02-15,17:21,Postauto,10.71,Bruno,Transport,everyday
2025-02-15,17:31,Jumbo,147.57,Noemi,Home,everyday
2025-02-15,18:21,BP TANKSTELLE 5330 CARD*6375,58.01,Bruno,Transport,everyday
2025-02-15,18:32,ORELL FUESSLI 5570,41.10,Noemi,Gifts,gift
2025-02-15,19:53,Mcdonalds WALLISELLEN 02.12.25 CARD*4560,40.86,Bruno,Dining,trip
2025-02-16,13:55,DENNER/KLOTEN,37.11,Ada,Groceries,trip
2025-02-16,16:23,MOBILITY CARD*2756,56.59,Bruno,Transport,everyday
2025-02-16,17:20,EASYJET,102.78,Noemi,Travel,trip
2025-02-16,19:14,bindella ristorante,56.82,Ada,Dining,date_night
2025-02-16,21:07,TIBITS,12.12,Noemi,Dining,everyday
2025-02-17,15:23,MICASA Dietikon,39.28,Bruno,Home,everyday
2025-02-18,08:22,AMAVITA APOTHEKE ST GALLEN,20.83,Ada,Health,everyday
2025-02-18,08:54,BP TANKSTELLE USTER TRX 12784772,159.57,Noemi,Transport,trip
2025-02-18,10:08,MEDBASE FIL.5329,134.66,Ada,Health,everyday
2025-02-18,12:58,DEPOT ZUERICH WALLISELLEN,27.29,Bruno,Home,everyday
2025-02-18,16:08,HORNBACH //WALLISELLEN,123.08,Bruno,Home,everyday
2025-02-18,18:24,INTERFLORA,39.02,Ada,Gifts,gift
2025-02-18,20:31,KINO RIFFRAFF,36.49,Bruno,Entertainment,date_night
2025-02-18,20:38,RESTAURANT BLAUE ENTE Zuerich,90.03,Bruno,Dining,date_night
2025-02-19,08:37,SBB CFF FFS 603 TID 92386686,13.28,Bruno,Transport,everyday
2025-02-19,12:41,OBI BAUMARKT,136.96,Ada,Home,everyday
2025-02-20,08:14,VBZ TICKET WALLISELLEN SUISSE,7.45,Noemi,Transport,everyday
2025-02-20,08:28,SBB RAILAWAY,123.23,Bruno,Travel,trip
2025-02-20,09:46,Amavita Apotheke LUZERN,30.89,Ada,Health,date_night
2025-02-20,20:53,PATHE SPREITENBACH 08.12.24,22.43,Noemi,Entertainment,everyday
2025-02-21,11:39,MANOR SUISSE,41.69,Noemi,Gifts,gift
2025-02-21,12:38,ZEUGHAUSKELLER DIETIKON,102.53,Noemi,Dining,everyday
2025-02-21,13:31,PHYSIOTHERAPIE SEEFELD FIL.1797,117.05,Bruno,Health,everyday
2025-02-21,15:09,ORELL FUESSLI,32.55,Noemi,Gifts,gift
2025-02-21,16:04,COOP PRONTO //DIETIKON,27.78,Noemi,Groceries,everyday
2025-02-21,19:30,Migrolino,6.43,Bruno,Groceries,everyday
2025-02-21,22:09,HALLENSTADION/Dietikon 24.01.24,133.85,Ada,Entertainment,date_night
2025-02-22,12:18,Globus/WALLISELLEN,88.30,Bruno,Gifts,gift
2025-02-22,15:48,JUMBO ZUERICH WIEDIKON 3384,65.17,Noemi,Home,everyday
2025-02-22,21:03,SBB RAILAWAY SUISSE,128.98,Bruno,Travel,trip
2025-02-22,21:37,Sushi Zen ZUERICH WIEDIKON 4435,74.83,Ada,Dining,date_night
2025-02-23,20:19,BOWLING CENTER HEUERIED THALWIL,43.45,Bruno,Entertainment,everyday
2025-02-23,20:47,Pizzeria Da Michele,71.05,Bruno,Dining,date_night
2025-02-24,09:46,GRAND CAFE ODEON Zuerich Oerlikon CARD*1762,19.70,Bruno,Cafes,everyday
2025-02-24,14:35,DR MED HUBER PRAXIS ZH,128.27,Ada,Health,everyday
2025-02-24,19:29,ZVV/LUZERN 7813 11.04.24,18.84,Bruno,Transport,everyday
2025-02-25,11:02,COOP PRONTO ZUERICH TRX 5713246,25.37,Noemi,Groceries,everyday
2025-02-25,17:15,COOP BAU HOBBY,49.46,Ada,Home,everyday
2025-02-25,17:29,COOP/ZUERICH WIEDIKON NO. 13433161,22.57,Bruno,Groceries,everyday
2025-02-25,17:40,obi baumarkt //ZÜRICH 20.11.25 CARD*4336,32.97,Bruno,Home,everyday
2025-02-25,18:09,SOCAR TANKSTELLE THALWIL 19.08.26,164.31,Noemi,Transport,date_night
2025-02-25,20:54,HOTEL ADLER NR.8398,121.88,Noemi,Travel,trip
2025-02-26,08:47,CAFETERIA ETH,8.83,Ada,Cafes,everyday
2025-02-26,09:27,POSTAUTO //ZUERICH WIEDIKON FIL.4342,12.14,Noemi,Transport,everyday
2025-02-26,11:25,GESCHENKIDEE CH,27.53,Noemi,Gifts,gift
2025-02-26,12:51,geschenkidee ch DIETIKON,11.16,Ada,Gifts,gift
2025-02-26,15:12,Uber Trip Zuerich Oerlikon STORE1249 14.01.26 CARD*7340,71.43,Noemi,Transport,everyday
2025-02-26,16:31,COOP Bern,19.95,Ada,Groceries,everyday
2025-02-26,19:48,TECHNORAMA 21.11.24,56.88,Ada,Entertainment,everyday
2025-02-26,20:03,Nooch Asian Kitchen NO. 17481646,42.34,Ada,Dining,everyday
2025-02-26,20:03,hiltl,70.65,Ada,Dining,everyday
2025-02-27,09:15,MIGROS,67.04,Ada,Groceries,everyday
2025-02-27,13:08,COOP,26.79,Noemi,Groceries,everyday
2025-02-27,13:28,dr med huber praxis 20.09.24 CARD*3446,186.63,Noemi,Health,everyday
2025-02-28,07:14,BLACK SHEEP 14.05.25,6.24,Noemi,Cafes,everyday
2025-02-28,19:37,LE DEZALEY NR.3858,161.00,Noemi,Dining,everyday
2025-03-01,03:55,Spotify,13.03,Ada,Subscriptions,everyday
2025-03-01,11:44,coop,24.82,Noemi,Groceries,everyday
2025-03-01,12:24,JELMOLI THALWIL,43.70,Ada,Gifts,gift
2025-03-01,13:39,SWISS CHUCHI THALWIL 7069,70.65,Ada,Dining,everyday
2025-03-01,17:36,Migros/Luzern CARD*9781,45.99,Bruno,Groceries,everyday
2025-03-01,18:11,Blumengalerie Seefeld //ZUERICH OERLIKON,25.25,Ada,Gifts,gift
2025-03-01,18:21,MICASA/THALWIL 1679,97.47,Noemi,Home,everyday
2025-03-02,07:06,SBB CFF FFS LUZERN NR.3433,32.63,Ada,Transport,gift
2025-03-02,12:32,KRONENHALLE,141.94,Noemi,Dining,everyday
2025-03-03,07:34,ZVV Basel,6.01,Bruno,Transport,everyday
2025-03-03,11:36,SBB CFF FFS ZH,22.13,Noemi,Transport,everyday
2025-03-03,18:31,SBB CFF FFS,9.68,Bruno,Transport,everyday
2025-03-03,19:53,Zeughauskeller 23.05.25,26.55,Noemi,Dining,everyday
2025-03-04,02:21,DISNEY PLUS 100,15.96,Ada,Subscriptions,everyday
2025-03-04,04:43,Nzz Abo 1621,39.37,Ada,Subscriptions,everyday
2025-03-04,10:46,DENNER Zuerich Oerlikon CH,26.71,Ada,Groceries,everyday
2025-03-04,16:50,Lidl Schweiz 28.12.26,25.96,Bruno,Groceries,everyday
2025-03-04,17:47,SBB CFF FFS Zürich TRX 39229812 CH,13.09,Ada,Transport,everyday
2025-03-05,09:23,CAFE SPRUENGLI,20.26,Noemi,Cafes,date_night
2025-03-05,15:38,easyjet,93.87,Bruno,Travel,everyday
2025-03-05,19:40,TECHNORAMA,31.59,Ada,Entertainment,everyday
2025-03-06,03:41,ICLOUD TRX 71936371,2.96,Noemi,Subscriptions,trip
2025-03-06,04:38,FITNESSPARK ABO NR.2797,88.34,Noemi,Subscriptions,everyday
2025-03-06,08:36,COOP KLOTEN 05.06.26,31.97,Noemi,Groceries,everyday
2025-03-06,09:45,TOPPHARM APOTHEKE 03.09.26 TID 32537663,25.79,Bruno,Health,everyday
2025-03-06,10:11,Apotheke Zur Rose/Kloten FIL.8331,33.49,Ada,Health,everyday
2025-03-06,16:13,SCHAUSPIELHAUS NO. 6845944,101.36,Bruno,Entertainment,everyday
2025-03-06,17:47,Hornbach/BASEL,215.43,Ada,Home,everyday
2025-03-06,18:01,BAECKEREI FISCHER,15.46,Noemi,Groceries,everyday
2025-03-06,18:11,COOP/ST GALLEN,42.37,Noemi,Groceries,everyday
2025-03-06,19:21,restaurant santa lucia,34.00,Bruno,Dining,everyday
2025-03-06,19:52,METZGEREI ANGST,39.07,Ada,Groceries,everyday
2025-03-07,11:45,migros mm zuerich hb 04.04.25,38.57,Noemi,Groceries,everyday
2025-03-07,12:38,AMAVITA APOTHEKE,45.42,Bruno,Health,everyday
2025-03-07,12:55,NOOCH ASIAN KITCHEN //ZUERICH,23.73,Noemi,Dining,everyday
2025-03-08,02:26,Swisscom,79.31,Ada,Subscriptions,everyday
2025-03-08,10:26,DEPOT ZUERICH,17.79,Noemi,Home,everyday
2025-03-08,12:56,SWISS CHUCHI SCHWEIZ,33.58,Noemi,Dining,date_night
2025-03-08,16:25,GESCHENKIDEE CH KD.NR 12019169,160.07,Noemi,Gifts,gift
2025-03-08,17:43,BÄCKEREI HUG FIL.1983,12.61,Bruno,Groceries,everyday
2025-03-08,17:55,MIGROLINO,11.10,Noemi,Groceries,everyday
2025-03-08,19:09,COOP FIL.7581,30.73,Noemi,Groceries,everyday
2025-03-08,21:25,RESTAURANT BLAUE ENTE ZUERICH WIEDIKON 13.10.26,262.62,Ada,Dining,date_night
2025-03-09,05:30,SALT MOBILE NR.6782,49.61,Bruno,Subscriptions,everyday
2025-03-10,02:30,NETFLIX CARD*4005,20.29,Noemi,Subscriptions,everyday
2025-03-10,06:49,SBB CFF FFS ST GALLEN,12.53,Bruno,Transport,everyday
2025-03-10,07:04,BP TANKSTELLE KD.NR 66396365,53.20,Bruno,Transport,everyday
2025-03-10,18:27,socar tankstelle ZUERICH CARD*5530,87.89,Bruno,Transport,everyday
2025-03-10,19:54,Migros ZÜRICH,31.45,Ada,Groceries,everyday
2025-03-11,04:38,SERAFE,113.51,Noemi,Subscriptions,everyday
2025-03-11,09:44,AIRBNB PAYMENTS ST GALLEN,152.38,Noemi,Travel,everyday
2025-03-11,09:46,starbucks TRX 75801685,4.89,Ada,Cafes,date_night
2025-03-11,10:36,MICASA KLOTEN,49.80,Noemi,Home,everyday
2025-03-11,11:04,MICASA,82.53,Bruno,Home,everyday
2025-03-11,11:54,MIGROS USTER CH,102.43,Bruno,Groceries,everyday
2025-03-11,16:39,migros SUISSE,51.39,Noemi,Groceries,everyday
2025-03-11,17:26,APOTHEKE ZUR ROSE Winterthur,46.22,Bruno,Health,everyday
2025-03-11,17:56,MIGROS BERN 4664,32.42,Noemi,Groceries,trip
2025-03-11,18:31,VBZ TICKET SUISSE,3.97,Noemi,Transport,everyday
2025-03-11,18:42,TECHNORAMA WINTERTHUR FIL.7848,34.94,Ada,Entertainment,everyday
2025-03-11,19:42,ALDI SUISSE NR.8210,29.77,Bruno,Groceries,everyday
2025-03-12,13:29,bindella ristorante SCHLIEREN 22.07.25,65.15,Ada,Dining,everyday
2025-03-12,16:02,DR MED HUBER PRAXIS/Basel 01.12.24,139.44,Noemi,Health,everyday
2025-03-12,17:35,Cafeteria Eth,3.75,Ada,Cafes,everyday
2025-03-12,19:47,pathe spreitenbach Zuerich Wiedikon TRX 75039113,32.06,Ada,Entertainment,everyday
2025-03-12,20:57,SUSHI ZEN //BASEL,47.92,Bruno,Dining,date_night
2025-03-13,02:56,SUNRISE TRX 26773248,60.12,Noemi,Subscriptions,everyday
2025-03-13,10:01,cafeteria eth,6.31,Noemi,Cafes,everyday
2025-03-13,10:52,APOTHEKE ZUR ROSE NO. 13367018,24.51,Ada,Health,everyday
2025-03-13,14:50,SWISS TRAVEL,103.94,Ada,Travel,trip
2025-03-13,17:01,COOP //ST GALLEN,30.34,Noemi,Groceries,everyday
2025-03-13,18:19,PIZZERIA DA MICHELE CARD*4425,15.65,Bruno,Dining,everyday
2025-03-13,18:21,KEBAB HOUSE,33.25,Bruno,Dining,everyday
2025-03-14,07:19,cafeteria eth,3.52,Noemi,Cafes,everyday
2025-03-14,07:33,UBER TRIP //Thalwil,16.71,Noemi,Transport,everyday
2025-03-14,10:12,MIGROS MM ZUERICH HB 711,24.54,Ada,Groceries,trip
2025-03-14,13:17,restaurante do fado/HAMBURG,89.38,Noemi,Dining,everyday
2025-03-14,15:52,Ikea Dietlikon,118.64,Ada,Home,everyday
2025-03-14,18:21,RESTAURANT BLAUE ENTE LUZERN NR.1598,227.70,Noemi,Dining,everyday
2025-03-14,19:41,SBB RAILAWAY,146.05,Noemi,Travel,everyday
2025-03-15,06:59,Vbz Ticket STORE6223,2.62,Noemi,Transport,everyday
2025-03-15,09:14,KAFFEEHAUS SPERL Hamburg REF 20665505,11.01,Ada,Cafes,trip
2025-03-15,17:51,MIGROS USTER STORE4753,24.11,Noemi,Groceries,everyday
2025-03-15,18:46,METRO TICKET HAMBURG 5908,2.84,Noemi,Transport,trip
2025-03-15,19:15,Trattoria Da Nino,173.65,Noemi,Dining,trip
2025-03-15,19:37,SCHAUSPIELHAUS/ZURICH 02.06.25,46.77,Ada,Entertainment,everyday
2025-03-15,19:53,DENNER,18.37,Ada,Groceries,everyday
2025-03-16,06:51,VBZ TICKET FIL.9502 02.10.24,3.51,Noemi,Transport,everyday
2025-03-16,19:28,ZEUGHAUSKELLER ZUERICH,61.87,Noemi,Dining,date_night
2025-03-16,19:37,TEATRO ROMANO HAMBURG STORE6118 NO. 41774961,62.02,Noemi,Entertainment,trip
2025-03-16,21:24,TAVERNA MYKONOS HAMBURG NR.4588 18.06.24 CARD*4271,65.49,Bruno,Dining,trip
2025-03-16,21:53,easyjet SCHLIEREN KD.NR 80912158,208.53,Ada,Travel,trip
2025-03-17,12:22,FLIXBUS,68.35,Noemi,Travel,trip
2025-03-18,08:59,COOP,13.09,Noemi,Groceries,everyday
2025-03-18,09:55,SWISS INTERNATIONAL AIR LINES TRX 97729507,175.12,Bruno,Travel,trip
2025-03-18,17:09,Migrolino Zurich,29.12,Bruno,Groceries,everyday
2025-03-18,18:17,Swiss Chuchi //USTER 5958,20.98,Ada,Dining,everyday
2025-03-18,19:45,NOOCH ASIAN KITCHEN 7996,42.45,Bruno,Dining,everyday
2025-03-19,09:27,OPTIKER KOCH NR.4745 16.08.25,126.94,Bruno,Health,everyday
2025-03-19,15:25,Jumbo LUZERN,96.19,Bruno,Home,everyday
2025-03-19,17:19,Mobility BASEL,76.30,Bruno,Transport,everyday
2025-03-19,17:58,Hotel Bellevue ZUERICH FIL.3330,107.74,Noemi,Travel,trip
2025-03-19,20:45,SWISS INTERNATIONAL AIR LINES/ZUERICH OERLIKON,305.21,Bruno,Travel,trip
2025-03-19,21:02,RESTAURANT BLAUE ENTE SUISSE,114.99,Ada,Dining,date_night
2025-03-20,08:19,COOP ZURICH,81.69,Ada,Groceries,everyday
2025-03-20,11:45,TAXI ZUERICH //USTER FIL.2946,19.40,Ada,Transport,everyday
2025-03-20,17:01,CAFE SPRUENGLI LUZERN 5215,23.62,Bruno,Cafes,everyday
2025-03-21,11:42,Restaurant Santa Lucia 08.04.25,151.18,Bruno,Dining,everyday
2025-03-21,16:52,Denner,9.42,Ada,Groceries,everyday
2025-03-21,18:18,RESTAURANT SANTA LUCIA,168.47,Bruno,Dining,date_night
2025-03-22,09:40,BOHEMIA CAFE/Zurich NR.4560,14.04,Noemi,Cafes,everyday
2025-03-22,10:30,SWISS INTERNATIONAL AIR LINES ZURICH,271.74,Noemi,Travel,trip
2025-03-22,10:56,HORNBACH Kloten STORE2239,103.87,Ada,Home,everyday
2025-03-22,11:16,COOP PRONTO ZUERICH OERLIKON,23.51,Ada,Groceries,everyday
2025-03-22,11:43,Aldi Suisse,42.71,Ada,Groceries,everyday
2025-03-22,13:09,BLUME 3000,41.40,Noemi,Gifts,everyday
2025-03-22,15:13,OPTIKER KOCH ZUERICH WIEDIKON 805,337.10,Noemi,Health,everyday
2025-03-22,19:10,RESTAURANT SANTA LUCIA,56.60,Ada,Dining,date_night
2025-03-22,20:51,OPERNHAUS ZUERICH,464.83,Noemi,Entertainment,date_night
2025-03-22,21:15,HOTEL BELLEVUE/SCHLIEREN,146.15,Ada,Travel,trip
2025-03-23,07:37,SHELL AUTOBAHN,29.89,Bruno,Transport,everyday
2025-03-23,16:25,TAXI ZUERICH ST GALLEN SUISSE,15.16,Noemi,Transport,everyday
2025-03-23,20:42,RESTAURANT ZUM GRUENEN GLAS 9849,101.69,Ada,Dining,date_night
2025-03-24,15:20,BÄCKEREI HUG ZUERICH OERLIKON SUISSE,6.73,Ada,Groceries,trip
2025-03-24,19:12,SWISS INTERNATIONAL AIR LINES 08.03.24,317.84,Ada,Travel,trip
2025-03-24,19:26,SPAR EXPRESS USTER 10.04.26,34.13,Ada,Groceries,everyday
2025-03-24,20:00,kebab house ZURICH,13.89,Noemi,Dining,everyday
2025-03-25,07:56,KAFFEEHAUS SPERL //Porto,11.92,Noemi,Cafes,trip
2025-03-25,13:38,KAFFEEHAUS SPERL 12.02.24,9.49,Ada,Cafes,trip
2025-03-25,19:48,MUSEU NACIONAL,16.49,Noemi,Entertainment,trip
2025-03-26,11:05,HOTEL ADLER,182.74,Noemi,Travel,trip
2025-03-26,12:58,tibits //USTER,20.74,Ada,Dining,everyday
2025-03-26,16:30,GRAND CAFE ODEON 3032 19.11.25,35.72,Bruno,Cafes,everyday
2025-03-26,17:43,VICAFE KLOTEN,2.88,Ada,Cafes,everyday
2025-03-26,19:05,zvv,2.61,Ada,Transport,everyday
2025-03-26,21:24,OSTERIA DEL BORGO/PORTO,50.13,Ada,Dining,trip
2025-03-27,07:16,EASYJET,261.91,Bruno,Travel,trip
2025-03-27,08:04,PASTELARIA BELEM,9.86,Noemi,Cafes,trip
2025-03-27,09:25,pastelaria belem PORTO,9.06,Noemi,Cafes,trip
2025-03-27,13:11,SWISS CHUCHI LUZERN,98.43,Noemi,Dining,everyday
2025-03-27,16:23,AMAVITA APOTHEKE TRX 61439431,18.98,Noemi,Health,gift
2025-03-27,16:25,SWISS INTERNATIONAL AIR LINES TID 4385763,347.39,Bruno,Travel,trip
2025-03-27,20:08,Osteria Del Borgo SUISSE,119.33,Ada,Dining,everyday
2025-03-28,09:55,DR MED HUBER PRAXIS Zurich,122.86,Bruno,Health,everyday
2025-03-28,10:40,PHYSIOTHERAPIE SEEFELD/USTER STORE7925 SUISSE,100.66,Bruno,Health,everyday
2025-03-28,11:37,TAVERNA MYKONOS STORE4183,58.03,Noemi,Dining,trip
2025-03-28,12:21,INTERFLORA ST GALLEN,114.60,Noemi,Gifts,gift
2025-03-28,15:35,CHRIST UHREN SCHMUCK NR.6752,332.48,Ada,Gifts,gift
2025-03-28,16:28,CAFE DE FLORE FIL.9026 05.10.25 KD.NR 37812696,15.21,Ada,Cafes,everyday
2025-03-28,19:10,OPERNHAUS ZUERICH,131.66,Ada,Entertainment,date_night
2025-03-29,13:29,pizzeria da michele,59.10,Bruno,Dining,everyday
2025-03-29,13:44,MUSEU NACIONAL PORTO TID 15709319,42.64,Noemi,Entertainment,trip
2025-03-29,15:56,JUMBO BASEL 19.02.24,113.12,Bruno,Home,everyday
2025-03-29,17:14,SPAR EXPRESS Zuerich Wiedikon,10.02,Ada,Groceries,everyday
2025-03-29,18:56,migros DIETIKON KD.NR 27173539,25.60,Noemi,Groceries,everyday
2025-03-29,19:44,COOP/ZH,58.90,Ada,Groceries,everyday
2025-03-29,20:13,pathe spreitenbach ZURICH 3754 16.04.25,42.81,Noemi,Entertainment,date_night
2025-03-29,20:45,RESTAURANT LINDE,109.23,Ada,Dining,date_night
2025-03-30,10:55,FLIXBUS 06.05.26 NO. 42475542 CARD*8539,42.69,Noemi,Travel,trip
2025-03-30,11:42,TIBITS REF 72385119,8.70,Bruno,Dining,everyday
2025-03-30,12:19,OSTERIA DEL BORGO/PORTO,99.58,Noemi,Dining,everyday
2025-03-30,15:51,cafe central //PORTO,5.10,Noemi,Cafes,trip
2025-03-30,21:53,hotel boavista //Porto,161.52,Ada,Travel,trip
2025-03-31,09:12,STARBUCKS STORE7191,6.98,Noemi,Cafes,trip
2025-03-31,11:29,MANOR ZUERICH WIEDIKON TID 86302095 CARD*7117,25.42,Bruno,Gifts,gift
2025-03-31,13:04,Blume 3000 1529,42.31,Noemi,Gifts,gift
2025-03-31,16:04,Toppharm Apotheke THALWIL 22.01.24,23.65,Ada,Health,everyday
2025-03-31,18:41,MANOR/Dietikon 374,52.35,Bruno,Gifts,everyday
2025-03-31,18:53,MUSEU NACIONAL PORTO,24.70,Noemi,Entertainment,trip
2025-03-31,18:58,Teatro Romano PORTO,31.68,Ada,Entertainment,trip
2025-03-31,19:12,zvv,5.03,Noemi,Transport,everyday
2025-04-01,05:20,SPOTIFY,12.86,Noemi,Subscriptions,everyday
2025-04-01,08:23,Kaffeehaus Sperl NR.8508 CARD*3108,6.04,Ada,Cafes,trip
2025-04-01,08:55,CAFE SPRUENGLI,15.07,Noemi,Cafes,everyday
2025-04-01,10:01,Cafe Bäckerei Zeit REF 35079683,11.78,Ada,Cafes,everyday
2025-04-01,11:28,MIGROS MM ZUERICH HB ZÜRICH KD.NR 7006916,27.10,Bruno,Groceries,everyday
2025-04-01,13:10,CAFE CENTRAL PORTO,23.16,Ada,Cafes,trip
2025-04-01,16:45,ALNATURA ZUERICH ZUERICH OERLIKON STORE2425,46.27,Bruno,Groceries,everyday
2025-04-01,21:10,AIRBNB PAYMENTS,268.56,Ada,Travel,trip
2025-04-01,22:13,GUIDED CITY TOUR Porto,63.97,Bruno,Entertainment,trip
2025-04-02,07:51,Vicafe DIETIKON 06.01.26 KD.NR 84230028,3.11,Bruno,Cafes,everyday
2025-04-02,14:25,CAFE BÄCKEREI ZEIT //DIETIKON 8383 16.11.25,5.54,Noemi,Cafes,everyday
2025-04-02,18:09,COFFEE STOP,4.87,Bruno,Cafes,everyday
2025-04-02,21:16,RESTAURANT LINDE ZUERICH,60.67,Ada,Dining,everyday
2025-04-03,08:41,Socar Tankstelle WINTERTHUR NR.1888 19.06.25,96.21,Bruno,Transport,everyday
2025-04-03,15:15,SBB CFF FFS,4.84,Noemi,Transport,everyday
2025-04-03,17:02,OPTIKER KOCH ZÜRICH,104.74,Bruno,Health,everyday
2025-04-03,20:21,RESTAURANT LINDE STORE5157,84.27,Ada,Dining,date_night
2025-04-04,02:09,nzz abo,38.66,Ada,Subscriptions,everyday
2025-04-04,03:06,Disney Plus,15.92,Bruno,Subscriptions,everyday
2025-04-04,11:06,ORELL FUESSLI,26.77,Noemi,Gifts,gift
2025-04-05,12:34,PFISTER MOEBEL ZÜRICH KD.NR 66957474,153.54,Bruno,Home,everyday
2025-04-05,17:28,Denner STORE6581,34.67,Bruno,Groceries,everyday
2025-04-05,17:28,MIGROS 24.06.26,12.26,Ada,Groceries,trip
2025-04-05,20:57,zoo zuerich USTER,25.12,Noemi,Entertainment,everyday
2025-04-06,02:03,FITNESSPARK ABO CARD*2481,88.76,Ada,Subscriptions,everyday
2025-04-06,05:44,ICLOUD,2.99,Bruno,Subscriptions,everyday
2025-04-06,17:59,Mobility //USTER SUISSE,62.88,Bruno,Transport,everyday
2025-04-07,09:20,BOHEMIA CAFE 1613,15.59,Ada,Cafes,everyday
2025-04-07,16:59,MOBILITY/USTER,65.28,Ada,Transport,everyday
2025-04-07,17:00,UBER TRIP DIETIKON,26.74,Noemi,Transport,date_night
2025-04-07,19:46,MIGROS Dietikon,108.97,Bruno,Groceries,date_night
2025-04-07,20:43,SBB CFF FFS 2663,38.85,Ada,Transport,everyday
2025-04-08,04:23,Swisscom 6914,80.28,Bruno,Subscriptions,everyday
2025-04-09,03:31,SALT MOBILE CH,50.48,Bruno,Subscriptions,everyday
2025-04-09,06:49,Bp Tankstelle/ZUERICH FIL.7570 15.01.25 REF 5035276,90.82,Bruno,Transport,everyday
2025-04-09,07:07,TAXI ZUERICH,71.23,Bruno,Transport,everyday
2025-04-09,14:24,CAFE BÄCKEREI ZEIT ZH,7.39,Ada,Cafes,everyday
2025-04-09,17:05,COOP 4435 22.05.26,27.26,Ada,Groceries,everyday
2025-04-09,17:33,BOHEMIA CAFE,8.63,Ada,Cafes,everyday
2025-04-09,20:23,SUSHI ZEN ZUERICH STORE3007 TRX 19253022,281.93,Bruno,Dining,date_night
2025-04-10,03:16,NETFLIX FIL.77,20.09,Ada,Subscriptions,everyday
2025-04-10,09:01,Vicafe STORE5200 NO. 77714837,5.07,Ada,Cafes,everyday
2025-04-10,12:24,TIBITS CARD*2243,13.66,Bruno,Dining,everyday
2025-04-10,13:07,MIGROS //LUZERN,34.56,Noemi,Groceries,trip
2025-04-10,16:06,zvv STORE4507 KD.NR 97897599,5.48,Ada,Transport,everyday
2025-04-10,18:39,MIGROS //ST GALLEN,61.32,Ada,Groceries,everyday
2025-04-10,20:05,BRASSERIE LIPP ZUERICH 19.01.25,187.14,Noemi,Dining,date_night
2025-04-10,21:41,KAUFLEUTEN,24.81,Noemi,Entertainment,date_night
2025-04-11,04:56,SERAFE 19.01.26,111.73,Noemi,Subscriptions,everyday
2025-04-11,14:10,Manor //BERN,100.85,Ada,Gifts,gift
2025-04-11,18:21,Migros FIL.6435,30.55,Noemi,Groceries,everyday
2025-04-11,18:35,EASYJET/THALWIL,175.84,Bruno,Travel,trip
2025-04-11,22:02,PATHE SPREITENBACH KLOTEN,16.78,Bruno,Entertainment,everyday
2025-04-12,12:59,MANOR NR.6007,40.56,Bruno,Gifts,gift
2025-04-12,15:50,SBB CFF FFS,23.45,Noemi,Transport,everyday
2025-04-12,17:39,ZVV //Winterthur NO. 26624366,4.15,Ada,Transport,everyday
2025-04-12,21:13,BOWLING CENTER HEUERIED,18.43,Ada,Entertainment,everyday
2025-04-13,05:15,SUNRISE,58.80,Noemi,Subscriptions,everyday
2025-04-13,11:46,BLUME 3000 DIETIKON,31.85,Noemi,Gifts,gift
2025-04-14,08:47,EASYJET 01.10.26 KD.NR 69107899,209.27,Ada,Travel,trip
2025-04-14,10:17,APOTHEKE ZUR ROSE 286,116.57,Noemi,Health,everyday
2025-04-14,11:43,SBB RAILAWAY 20.03.25,43.57,Ada,Travel,trip
2025-04-14,13:34,SWISS TRAVEL //KLOTEN,290.23,Ada,Travel,trip
2025-04-15,06:44,SBB CFF FFS ZÜRICH,12.06,Ada,Transport,everyday
2025-04-15,14:51,Cafeteria Eth/Zuerich Wiedikon KD.NR 78410869,4.73,Ada,Cafes,everyday
2025-04-15,17:57,BP TANKSTELLE,29.54,Noemi,Transport,trip
2025-04-16,11:18,GESCHENKIDEE CH ZUERICH WIEDIKON TID 26236396,35.47,Noemi,Gifts,gift
2025-04-16,13:03,MEDBASE BERN KD.NR 79701344,120.28,Bruno,Health,trip
2025-04-16,16:51,BOOKING.COM CARD*1032,156.53,Noemi,Travel,trip
2025-04-16,18:20,Restaurant Santa Lucia Wallisellen SCHWEIZ,101.26,Bruno,Dining,date_night
2025-04-16,18:38,MANOR,64.82,Bruno,Gifts,everyday
2025-04-16,20:15,LE DEZALEY NR.623,114.43,Ada,Dining,date_night
2025-04-17,10:58,MEDBASE,127.23,Noemi,Health,everyday
2025-04-17,12:02,SUSHI ZEN LUZERN,65.89,Noemi,Dining,everyday
2025-04-17,12:50,MICASA 817,307.75,Bruno,Home,everyday
2025-04-18,09:36,VICAFE Wallisellen CH,4.23,Ada,Cafes,everyday
2025-04-18,12:12,BLUMENGALERIE SEEFELD,43.54,Noemi,Gifts,gift
2025-04-18,18:25,OBI BAUMARKT,31.75,Noemi,Home,everyday
2025-04-18,18:32,VBZ TICKET FIL.752,7.80,Noemi,Transport,everyday
2025-04-18,20:28,HOTEL BELLEVUE LUZERN TID 72745629,268.96,Ada,Travel,trip
2025-04-18,20:30,PATHE SPREITENBACH WINTERTHUR,16.01,Ada,Entertainment,everyday
2025-04-19,07:52,HOTEL BELLEVUE NR.8216,183.99,Noemi,Travel,trip
2025-04-19,09:02,City Bike Rent,17.58,Bruno,Transport,trip
2025-04-19,10:29,Blumengalerie Seefeld THALWIL TID 23751474,116.50,Noemi,Gifts,gift
2025-04-19,13:57,POSTAUTO //SCHLIEREN,9.81,Bruno,Transport,everyday
2025-04-19,16:28,METZGEREI ANGST SUISSE,28.16,Ada,Groceries,everyday
2025-04-19,17:53,Obi Baumarkt,9.67,Ada,Home,everyday
2025-04-19,18:09,COOP FIL.3826 TRX 49269722,42.48,Bruno,Groceries,everyday
2025-04-19,19:01,BAECKEREI FISCHER //ZH,12.09,Bruno,Groceries,everyday
2025-04-19,19:16,RESTAURANTE DO FADO NO. 26378005,119.84,Noemi,Dining,trip
2025-04-20,13:45,ALDI SUISSE BERN STORE1034 NO. 91512949,18.22,Bruno,Groceries,everyday
2025-04-20,20:52,Brasserie Georges LISBOA FIL.2891,126.24,Ada,Dining,trip
2025-04-21,07:16,swiss international air lines NR.6879,635.17,Bruno,Travel,trip
2025-04-21,07:18,Pension Maria Lisboa STORE1513,219.46,Noemi,Travel,trip
2025-04-21,07:50,BP TANKSTELLE //ZÜRICH,49.51,Bruno,Transport,everyday
2025-04-21,09:04,HOTEL DE LA PAIX 27.06.25 REF 22445088,200.63,Noemi,Travel,trip
2025-04-21,12:06,socar tankstelle,419.59,Ada,Transport,everyday
2025-04-21,16:59,METRO TICKET NR.9169 26.04.26 CARD*1438,15.09,Noemi,Transport,trip
2025-04-21,17:45,DENNER/BERN 26.06.24,35.82,Bruno,Groceries,everyday
2025-04-21,18:13,HOTEL DE LA PAIX KD.NR 57770610,344.29,Bruno,Travel,trip
2025-04-21,20:48,RESTAURANT BLAUE ENTE 40,65.59,Noemi,Dining,date_night
2025-04-21,21:59,TEATRO ROMANO FIL.5568,40.77,Bruno,Entertainment,trip
2025-04-22,07:02,METRO TICKET ATHEN STORE2193,3.20,Ada,Transport,trip
2025-04-22,08:07,PASTELARIA BELEM ATHEN FIL.4419,15.71,Ada,Cafes,trip
2025-04-22,11:05,GESCHENKIDEE CH //ZUERICH WIEDIKON,33.48,Ada,Gifts,trip
2025-04-22,13:17,MEDBASE Zuerich FIL.1384 22.10.25 KD.NR 24329503 CARD*2893,80.17,Noemi,Health,everyday
2025-04-22,18:24,Bistro Le Petit TID 72163708,129.05,Bruno,Dining,trip
2025-04-22,20:43,OSTERIA DEL BORGO NR.7999,110.10,Noemi,Dining,everyday
2025-04-22,21:11,Trattoria Da Nino LISBOA,45.17,Ada,Dining,trip
2025-04-23,11:51,RESTAURANTE DO FADO LISBOA,98.59,Bruno,Dining,trip
2025-04-23,13:38,BINDELLA RISTORANTE 26.05.24,63.25,Noemi,Dining,everyday
2025-04-23,13:58,OPERNHAUS ZUERICH ZUERICH OERLIKON CH,199.05,Noemi,Entertainment,everyday
2025-04-23,17:21,BLUMENGALERIE SEEFELD TRX 60663078,38.03,Bruno,Gifts,gift
2025-04-23,17:23,Depot Zuerich Zurich,126.22,Bruno,Home,date_night
2025-04-23,19:04,UBER TRIP LUZERN,24.44,Ada,Transport,everyday
2025-04-23,19:32,Nooch Asian Kitchen,57.15,Noemi,Dining,everyday
2025-04-23,19:52,Osteria Del Borgo Athen,54.52,Noemi,Dining,trip
2025-04-23,20:32,TAVERNA MYKONOS,117.08,Bruno,Dining,trip
2025-04-24,07:18,CAFE DE FLORE/Athen,12.17,Bruno,Cafes,everyday
2025-04-24,07:28,UBER TRIP,19.94,Bruno,Transport,everyday
2025-04-24,15:00,KAFFEEHAUS SPERL,6.51,Ada,Cafes,trip
2025-04-24,16:46,CAFE DE FLORE/Lisboa KD.NR 78657408,20.32,Ada,Cafes,trip
2025-04-24,19:34,OCEANARIO/LISBOA,54.59,Ada,Entertainment,trip
2025-04-25,06:30,SBB CFF FFS ZUERICH WIEDIKON 24.03.24 SUISSE,34.15,Ada,Transport,everyday
2025-04-25,11:52,OSTERIA DEL BORGO TRX 56520035,74.71,Noemi,Dining,trip
2025-04-25,12:31,OSTERIA DEL BORGO NR.2227,111.85,Noemi,Dining,gift
2025-04-25,13:27,Restaurant Santa Lucia TID 14557568,129.13,Ada,Dining,everyday
2025-04-25,14:00,PASTELARIA BELEM ATHEN SCHWEIZ,8.15,Ada,Cafes,trip
2025-04-25,18:20,Hiltl BASEL KD.NR 4220934,53.87,Noemi,Dining,date_night
2025-04-25,19:52,HOTEL ADLER Zuerich Oerlikon FIL.1542,179.26,Ada,Travel,trip
2025-04-25,20:44,BINDELLA RISTORANTE BERN CARD*3055,90.78,Noemi,Dining,date_night
2025-04-26,08:47,METRO TICKET/LISBOA TRX 51549093,2.87,Ada,Transport,trip
2025-04-26,10:37,PFISTER MOEBEL Wallisellen NR.2087 TID 3330588,282.48,Noemi,Home,everyday
2025-04-26,12:01,TRENITALIA ATHEN,29.85,Bruno,Transport,trip
2025-04-26,13:29,globus CH,95.50,Bruno,Gifts,gift
2025-04-26,17:43,COOP PRONTO FIL.1668,9.97,Ada,Groceries,everyday
2025-04-26,18:18,SPAR EXPRESS ZÜRICH SCHWEIZ,44.16,Ada,Groceries,everyday
2025-04-26,19:04,migros,16.91,Noemi,Groceries,everyday
2025-04-26,19:43,swiss international air lines ZUERICH WIEDIKON NR.5374,421.26,Ada,Travel,trip
2025-04-26,19:48,MUSEU NACIONAL //LISBOA 9025 15.01.25,38.52,Bruno,Entertainment,trip
2025-04-26,20:39,TRATTORIA DA NINO ATHEN NR.8402,28.22,Bruno,Dining,trip
2025-04-26,21:15,TRATTORIA DA NINO //ATHEN 2834 24.08.26,40.47,Ada,Dining,trip
2025-04-27,07:25,CAFE DE FLORE ATHEN STORE3490,19.24,Bruno,Cafes,everyday
2025-04-27,07:31,CAFE CENTRAL 21.07.24,9.50,Bruno,Cafes,everyday
2025-04-27,07:45,Kaffeehaus Sperl,15.87,Ada,Cafes,trip
2025-04-27,08:13,VICAFE CARD*2669,3.48,Bruno,Cafes,everyday
2025-04-27,09:01,Grand Cafe Odeon/ZÜRICH,32.34,Noemi,Cafes,date_night
2025-04-27,13:25,TRATTORIA DA NINO ATHEN,191.63,Bruno,Dining,trip
2025-04-27,16:06,METRO TICKET STORE7890,6.40,Bruno,Transport,trip
2025-04-27,20:26,Taverna Mykonos REF 32473385,25.26,Noemi,Dining,trip
2025-04-27,21:44,Opernhaus Zuerich/THALWIL CARD*1051,93.05,Ada,Entertainment,date_night
2025-04-28,07:29,Cafeteria Eth/Uster,7.34,Bruno,Cafes,everyday
2025-04-28,07:56,STARBUCKS Basel,7.88,Ada,Cafes,everyday
2025-04-28,09:03,CAFE CENTRAL/LUGANO STORE4438 03.04.24,12.35,Noemi,Cafes,trip
2025-04-28,14:56,COFFEE STOP,3.44,Bruno,Cafes,everyday
2025-04-28,16:27,SPAR EXPRESS FIL.4009 REF 51335795,21.88,Ada,Groceries,everyday
2025-04-28,18:08,migros,17.91,Bruno,Groceries,everyday
2025-04-28,18:59,Migros ZUERICH WIEDIKON,56.91,Ada,Groceries,everyday
2025-04-28,19:46,MUSEU NACIONAL,34.29,Noemi,Entertainment,trip
2025-04-29,08:00,PHYSIOTHERAPIE SEEFELD/DIETIKON FIL.4666,68.83,Noemi,Health,everyday
2025-04-29,12:07,RESTAURANT BLAUE ENTE 09.10.25 CH,129.74,Bruno,Dining,everyday
2025-04-29,12:56,PIZZERIA DA MICHELE KLOTEN NO. 49536960,29.67,Noemi,Dining,trip
2025-04-29,13:02,UBER TRIP/Basel NO. 30489426,28.22,Ada,Transport,everyday
2025-04-29,15:22,GUIDED CITY TOUR //LUGANO,52.15,Bruno,Entertainment,trip
2025-04-30,13:19,RESTAURANTE DO FADO,59.84,Ada,Dining,trip
2025-04-30,14:20,LIDL SCHWEIZ FIL.5581,30.99,Bruno,Groceries,everyday
2025-04-30,18:48,ZVV //KLOTEN,6.79,Bruno,Transport,everyday
2025-04-30,20:07,BINDELLA RISTORANTE //ZUERICH 4642,252.41,Ada,Dining,date_night
2025-05-01,05:52,Spotify CARD*4746,13.20,Noemi,Subscriptions,everyday
2025-05-01,07:49,Black Sheep FIL.7679,10.23,Ada,Cafes,everyday
2025-05-01,14:46,IKEA DIETLIKON,59.09,Bruno,Home,everyday
2025-05-01,19:28,Renfe Viajeros LUGANO 02.09.24,42.72,Ada,Transport,trip
2025-05-01,20:02,Bowling Center Heueried //ZH CH,18.12,Bruno,Entertainment,date_night
2025-05-02,07:04,city bike rent LUGANO STORE6049 REF 1812053,43.63,Ada,Transport,trip
2025-05-02,08:25,TRENITALIA FIL.194,33.51,Bruno,Transport,trip
2025-05-02,13:59,MOEVENPICK CAFE LUZERN NR.8377,7.62,Bruno,Cafes,everyday
2025-05-02,16:23,Coffee Stop 7961,5.37,Bruno,Cafes,everyday
2025-05-02,19:15,RESTAURANTE DO FADO CARD*1977,42.52,Bruno,Dining,trip
2025-05-03,09:42,KAFFEEHAUS SPERL //LUGANO,12.37,Bruno,Cafes,trip
2025-05-03,16:19,SPAR EXPRESS FIL.3462,16.37,Bruno,Groceries,everyday
2025-05-03,19:07,RESTAURANT SANTA LUCIA 7982,90.43,Bruno,Dining,date_night
2025-05-03,20:37,BRASSERIE LIPP ZUERICH WINTERTHUR NR.3991 23.08.26,222.08,Noemi,Dining,date_night
2025-05-03,20:40,TRATTORIA DA NINO //LUGANO 1840,74.12,Bruno,Dining,trip
2025-05-03,22:10,Museu Nacional/LUGANO NR.7432,18.49,Ada,Entertainment,trip
2025-05-04,04:44,NZZ ABO,39.22,Noemi,Subscriptions,everyday
2025-05-04,05:35,DISNEY PLUS FIL.9793,15.57,Noemi,Subscriptions,everyday
2025-05-04,07:39,BLACK SHEEP FIL.9008,6.49,Ada,Cafes,trip
2025-05-04,08:11,AIRBNB PAYMENTS 2784,280.44,Ada,Travel,trip
2025-05-04,08:42,HOTEL BOAVISTA/LUGANO,99.13,Ada,Travel,everyday
2025-05-04,13:16,Pizzeria Da Michele Winterthur,74.43,Ada,Dining,everyday
2025-05-04,14:49,HOTEL BOAVISTA 24.06.25,154.96,Ada,Travel,trip
2025-05-04,17:06,Sbb Cff Ffs ST GALLEN,21.40,Bruno,Transport,everyday
2025-05-05,08:23,Sbb Cff Ffs/ZH NR.9552,33.08,Bruno,Transport,everyday
2025-05-05,11:40,BLUME 3000 //ZUERICH OERLIKON 8165 SUISSE,153.28,Bruno,Gifts,gift
2025-05-05,19:16,SBB CFF FFS 6947 04.05.25,18.58,Bruno,Transport,everyday
2025-05-05,19:35,RESTAURANT LINDE,57.08,Bruno,Dining,everyday
2025-05-05,19:50,kino arena,18.70,Ada,Entertainment,everyday
2025-05-06,02:26,fitnesspark abo KD.NR 11764993,88.56,Bruno,Subscriptions,everyday
2025-05-06,04:36,ICLOUD 02.04.24,3.01,Noemi,Subscriptions,everyday
2025-05-06,10:38,Volg 6427,13.89,Ada,Groceries,everyday
2025-05-07,08:23,CAFE BÄCKEREI ZEIT WINTERTHUR CARD*6954,5.90,Noemi,Cafes,everyday
2025-05-07,14:59,CAFE BÄCKEREI ZEIT St Gallen,10.58,Ada,Cafes,everyday
2025-05-07,16:43,starbucks USTER 13.03.24,9.77,Ada,Cafes,everyday
2025-05-08,03:45,SWISSCOM FIL.5144,79.77,Bruno,Subscriptions,everyday
2025-05-08,21:31,Schauspielhaus ZUERICH SUISSE,76.09,Noemi,Entertainment,everyday
2025-05-09,04:04,Salt Mobile,49.92,Bruno,Subscriptions,everyday
2025-05-09,12:19,RESTAURANT BLAUE ENTE ZH,107.51,Bruno,Dining,everyday
2025-05-09,12:54,ZAHNARZT ZENTRUM OERLIKON,366.16,Bruno,Health,everyday
2025-05-09,16:30,Migros Mm Zuerich Hb //Dietikon,35.49,Noemi,Groceries,everyday
2025-05-09,17:30,INTERFLORA Dietikon,59.41,Ada,Gifts,gift
2025-05-09,18:57,RESTAURANT BLAUE ENTE,86.55,Noemi,Dining,date_night
2025-05-10,03:17,Netflix 22.07.26 CARD*1337,20.21,Bruno,Subscriptions,everyday
2025-05-10,08:45,ZVV,1.09,Ada,Transport,everyday
2025-05-10,10:30,JUMBO,79.34,Bruno,Home,everyday
2025-05-10,12:10,SWISS CHUCHI,51.05,Bruno,Dining,everyday
2025-05-10,13:39,COOP SCHLIEREN STORE6588,46.21,Bruno,Groceries,everyday
2025-05-10,16:35,VOLG 04.11.26,10.11,Ada,Groceries,everyday
2025-05-10,17:47,Coop NR.3537,12.62,Ada,Groceries,date_night
2025-05-10,19:12,schauspielhaus,101.06,Noemi,Entertainment,date_night
2025-05-10,19:33,Booking.Com,404.09,Ada,Travel,trip
2025-05-10,21:28,KINO ARENA 600,20.88,Bruno,Entertainment,date_night
2025-05-11,04:40,SERAFE NO. 79821876,111.64,Bruno,Subscriptions,everyday
2025-05-11,17:44,Migros ZUERICH OERLIKON,53.03,Ada,Groceries,gift
2025-05-12,08:03,STARBUCKS NR.4732,7.49,Noemi,Cafes,everyday
2025-05-12,09:45,Bohemia Cafe ZUERICH,14.80,Bruno,Cafes,everyday
2025-05-12,09:51,Flixbus,70.83,Noemi,Travel,trip
2025-05-12,10:27,STARBUCKS 19.06.26,7.66,Bruno,Cafes,everyday
2025-05-12,11:49,INTERFLORA CH,124.40,Bruno,Gifts,gift
2025-05-13,03:20,SUNRISE 13.06.26 KD.NR 93018623,59.64,Ada,Subscriptions,everyday
2025-05-13,08:21,APOTHEKE ZUR ROSE FIL.4308,28.83,Bruno,Health,everyday
2025-05-13,08:25,BLACK SHEEP LUZERN SUISSE,6.68,Noemi,Cafes,everyday
2025-05-13,20:38,AIRBNB PAYMENTS KLOTEN,176.17,Noemi,Travel,trip
2025-05-14,07:31,UBER TRIP,53.48,Bruno,Transport,everyday
2025-05-14,09:30,VOLG,8.19,Bruno,Groceries,everyday
2025-05-14,12:09,Aldi Suisse/LUZERN SUISSE,13.17,Ada,Groceries,everyday
2025-05-14,16:02,AMAVITA APOTHEKE USTER 3460,27.08,Bruno,Health,everyday
2025-05-14,18:22,COOP 06.12.25,43.89,Ada,Groceries,everyday
2025-05-14,19:29,BAECKEREI FISCHER,5.94,Bruno,Groceries,everyday
2025-05-15,09:04,Pastelaria Belem,14.59,Bruno,Cafes,trip
2025-05-15,12:47,MCDONALDS 7574 24.12.24 CARD*4700,14.77,Bruno,Dining,everyday
2025-05-15,13:33,Coop Bau Hobby/USTER 02.06.26,78.93,Noemi,Home,everyday
2025-05-15,14:25,Cafe Central //LOCARNO 24.07.25,19.80,Noemi,Cafes,trip
2025-05-15,17:41,Blumengalerie Seefeld/ZURICH,44.28,Bruno,Gifts,gift
2025-05-15,18:56,KINO ARENA FIL.5549,14.95,Noemi,Entertainment,everyday
2025-05-16,07:00,AEROPORTO TAXI LOCARNO,32.92,Ada,Transport,trip
2025-05-16,10:14,COFFEE STOP,3.05,Bruno,Cafes,everyday
2025-05-16,18:16,PARKHAUS HOHE PROMENADE/LUZERN FIL.8988,24.27,Ada,Transport,everyday
2025-05-16,19:19,RESTAURANT LINDE,259.39,Bruno,Dining,date_night
2025-05-16,21:44,BISTRO LE PETIT KD.NR 10521606,68.79,Bruno,Dining,trip
2025-05-16,21:50,CITY BIKE RENT,32.64,Noemi,Transport,trip
2025-05-17,08:19,COOP //BERN 454 REF 61944668,104.38,Bruno,Groceries,everyday
2025-05-17,09:47,BLACK SHEEP,5.98,Ada,Cafes,everyday
2025-05-17,13:03,HALLENSTADION 5550,206.40,Ada,Entertainment,everyday
2025-05-17,15:27,BLUME 3000 //ZURICH,86.57,Noemi,Gifts,gift
2025-05-17,19:20,OSTERIA DEL BORGO Locarno,141.54,Bruno,Dining,trip
2025-05-18,11:41,TIBITS 4914,16.58,Noemi,Dining,everyday
2025-05-18,12:11,SWISS CHUCHI,137.33,Bruno,Dining,everyday
2025-05-18,16:11,Hotel Adler //ZUERICH OERLIKON,259.94,Ada,Travel,everyday
2025-05-18,20:40,BISTRO LE PETIT LOCARNO CARD*7238,97.22,Bruno,Dining,trip
2025-05-19,06:44,PARKHAUS HOHE PROMENADE,16.15,Noemi,Transport,everyday
2025-05-19,12:29,coop bau hobby CH,116.06,Bruno,Home,everyday
2025-05-19,12:59,Hotel De La Paix/LOCARNO CH,98.22,Bruno,Travel,trip
2025-05-19,15:06,STARBUCKS,5.93,Bruno,Cafes,everyday
2025-05-19,16:55,CITY BIKE RENT 18.10.24,5.62,Ada,Transport,trip
2025-05-19,17:08,COOP,45.58,Bruno,Groceries,everyday
2025-05-19,19:43,MIGROS/ZH,23.18,Ada,Groceries,everyday
2025-05-20,07:57,SBB CFF FFS,12.32,Noemi,Transport,everyday
2025-05-20,08:04,SBB CFF FFS,7.65,Bruno,Transport,everyday
2025-05-20,11:18,OPTIKER KOCH //ZURICH,118.83,Noemi,Health,everyday
2025-05-20,13:02,RESTAURANT ZUM GRUENEN GLAS //USTER FIL.9693 17.01.25 TRX 46253729,113.69,Bruno,Dining,everyday
2025-05-20,13:24,Dr Med Huber Praxis 12.02.24,187.72,Noemi,Health,everyday
2025-05-21,10:24,IKEA DIETLIKON 3505,185.65,Ada,Home,everyday
2025-05-21,14:57,BOHEMIA CAFE SCHLIEREN 1654,14.81,Ada,Cafes,gift
2025-05-21,15:25,coop pronto 10.12.24,12.35,Ada,Groceries,everyday
2025-05-22,17:25,Coop Pronto KLOTEN REF 69504821,17.25,Bruno,Groceries,trip
2025-05-23,08:56,MIGROS Wallisellen 19.04.26,25.44,Noemi,Groceries,trip
2025-05-23,10:49,Migros Mm Zuerich Hb Basel TRX 69447448,24.23,Bruno,Groceries,everyday
2025-05-23,12:56,GESCHENKIDEE CH/ZURICH NR.3342 CARD*2510,58.33,Ada,Gifts,gift
2025-05-23,14:13,STARBUCKS,7.57,Ada,Cafes,everyday
2025-05-23,16:10,apotheke zur rose ZH 1950,20.77,Bruno,Health,everyday
2025-05-23,18:32,Pathe Spreitenbach STORE74,25.11,Bruno,Entertainment,date_night
2025-05-24,09:58,BAECKEREI FISCHER //ZUERICH WIEDIKON,12.61,Ada,Groceries,date_night
2025-05-24,10:31,migros 3003,32.11,Ada,Groceries,everyday
2025-05-24,11:26,MIGROS ZUERICH WIEDIKON 6466 SUISSE,52.41,Ada,Groceries,everyday
2025-05-24,16:57,COOP,17.98,Bruno,Groceries,everyday
2025-05-25,16:18,HOTEL ADLER/THALWIL 19.12.24,124.13,Bruno,Travel,trip
2025-05-25,18:40,ZVV/BERN STORE2655,10.78,Noemi,Transport,date_night
2025-05-25,21:05,HALLENSTADION //ZH 14.12.24,120.19,Ada,Entertainment,date_night
2025-05-26,06:56,SBB CFF FFS LUZERN 03.09.24 NO. 57898671,93.81,Ada,Transport,everyday
2025-05-26,07:22,AIRBNB PAYMENTS //WIEN,123.73,Noemi,Travel,trip
2025-05-26,09:48,ALDI SUISSE,10.20,Bruno,Groceries,everyday
2025-05-26,15:16,STARBUCKS 03.09.24,9.46,Noemi,Cafes,everyday
2025-05-26,15:19,HALLENSTADION STORE3975,125.63,Noemi,Entertainment,everyday
2025-05-26,15:39,Christ Uhren Schmuck,243.41,Noemi,Gifts,gift
2025-05-26,19:10,ALDI SUISSE //ZÜRICH 871,34.12,Bruno,Groceries,everyday
2025-05-26,20:16,Guided City Tour REF 25661936,152.63,Noemi,Entertainment,trip
2025-05-26,21:20,RESTAURANT SANTA LUCIA/Zuerich TRX 13862100,51.35,Ada,Dining,everyday
2025-05-27,09:25,MIGROS BERN,14.07,Noemi,Groceries,everyday
2025-05-27,15:48,DR MED HUBER PRAXIS //ZÜRICH,120.40,Ada,Health,everyday
2025-05-27,16:55,SOCAR TANKSTELLE ZURICH NR.1783,88.13,Noemi,Transport,everyday
2025-05-27,19:11,PATHE SPREITENBACH 1954,27.20,Bruno,Entertainment,everyday
2025-05-27,19:15,Osteria Del Borgo WIEN,100.29,Noemi,Dining,trip
2025-05-27,19:18,OCEANARIO WIEN,34.79,Ada,Entertainment,trip
2025-05-28,07:17,Cafe Spruengli FIL.57,14.07,Noemi,Cafes,everyday
2025-05-28,12:20,TAVERNA MYKONOS,102.51,Noemi,Dining,trip
2025-05-28,16:51,Migros 2822 TRX 28959871,31.27,Bruno,Groceries,everyday
2025-05-28,18:40,GUIDED CITY TOUR 04.03.25,57.11,Bruno,Entertainment,date_night
2025-05-28,19:13,BOWLING CENTER HEUERIED FIL.9436,39.50,Noemi,Entertainment,everyday
2025-05-28,19:53,BISTRO LE PETIT //Wien,33.46,Noemi,Dining,trip
2025-05-29,07:11,Cafe De Flore WIEN 26.02.26 KD.NR 8457677 CH,23.30,Ada,Cafes,trip
2025-05-29,16:48,GUIDED CITY TOUR 05.01.25,57.56,Bruno,Entertainment,trip
2025-05-29,18:15,RESTAURANT SANTA LUCIA 18.11.25,50.32,Bruno,Dining,date_night
2025-05-29,20:46,MUSEU NACIONAL STORE4018,30.57,Ada,Entertainment,trip
2025-05-30,10:06,MIGROS Zh CH,72.64,Bruno,Groceries,everyday
2025-05-30,13:44,trattoria da nino 9959,37.50,Bruno,Dining,trip
2025-05-30,15:25,MUSEU NACIONAL NR.5829 23.01.25 TID 91712827,40.55,Ada,Entertainment,trip
2025-05-30,17:39,COOP TID 26226776,29.79,Bruno,Groceries,everyday
2025-05-30,17:53,PENSION MARIA Edinburgh 08.09.25,91.71,Ada,Travel,trip
2025-05-30,18:56,MCDONALDS FIL.4637,12.12,Bruno,Dining,everyday
2025-05-30,19:20,BOLT RIDE/WINTERTHUR,39.16,Bruno,Transport,everyday
2025-05-30,19:46,TRATTORIA DA NINO WIEN,50.54,Noemi,Dining,trip
2025-05-30,20:47,GUIDED CITY TOUR //EDINBURGH,47.81,Noemi,Entertainment,trip
2025-05-30,21:35,BISTRO LE PETIT,101.35,Bruno,Dining,trip
2025-05-31,09:50,MIGROS,70.22,Ada,Groceries,everyday
2025-05-31,10:20,LANDI //ZUERICH OERLIKON 2575,22.80,Noemi,Home,everyday
2025-05-31,12:31,Jelmoli 27.01.26,298.66,Bruno,Gifts,gift
2025-05-31,16:37,RENFE VIAJEROS Edinburgh,53.79,Noemi,Transport,trip
2025-05-31,16:48,COOP PRONTO,13.67,Bruno,Groceries,everyday
2025-05-31,20:19,KINO RIFFRAFF BERN,14.88,Bruno,Entertainment,date_night
2025-05-31,20:24,MUSEU NACIONAL STORE1449,26.36,Noemi,Entertainment,trip
2025-05-31,20:37,BISTRO LE PETIT,124.67,Ada,Dining,trip
2025-05-31,21:03,mcdonalds,25.00,Bruno,Dining,everyday
2025-06-01,04:36,SPOTIFY,12.87,Ada,Subscriptions,everyday
2025-06-01,11:49,RESTAURANT SANTA LUCIA NO. 72759931,76.43,Ada,Dining,everyday
2025-06-01,12:18,micasa,137.36,Ada,Home,everyday
2025-06-02,07:49,SBB RAILAWAY,118.86,Ada,Travel,trip
2025-06-02,08:34,SBB CFF FFS,28.38,Noemi,Transport,everyday
2025-06-02,10:02,DR MED HUBER PRAXIS NR.847,111.68,Ada,Health,everyday
2025-06-02,10:17,INTERFLORA,108.57,Noemi,Gifts,gift
2025-06-02,14:27,Cafe Spruengli //Basel,15.63,Bruno,Cafes,date_night
2025-06-02,14:49,AMAVITA APOTHEKE FIL.57,21.47,Ada,Health,everyday
2025-06-02,17:32,SBB CFF FFS ZURICH 20.12.24,12.01,Ada,Transport,everyday
2025-06-03,14:52,BLUME 3000 //Dietikon,46.26,Ada,Gifts,gift
2025-06-03,19:15,DENNER //WINTERTHUR,77.57,Bruno,Groceries,everyday
2025-06-04,02:43,NZZ ABO 5006 CARD*9547,38.95,Ada,Subscriptions,everyday
2025-06-04,05:03,DISNEY PLUS 6634 27.08.25 CARD*6825,15.82,Ada,Subscriptions,trip
2025-06-04,09:47,Bp Tankstelle DIETIKON TID 82366735,96.83,Noemi,Transport,everyday
2025-06-04,10:15,PHYSIOTHERAPIE SEEFELD,70.06,Bruno,Health,everyday
2025-06-04,16:23,OCEANARIO //KOPENHAGEN,38.34,Noemi,Entertainment,trip
2025-06-04,18:48,HILTL CARD*9813,40.03,Ada,Dining,everyday
2025-06-05,07:19,SBB CFF FFS,88.12,Ada,Transport,everyday
2025-06-05,10:54,Aeroporto Taxi KOPENHAGEN 7544 NO. 60948810,89.57,Bruno,Transport,trip
2025-06-05,15:04,Ikea Dietlikon NO. 30720455,216.38,Noemi,Home,everyday
2025-06-05,15:28,migros mm zuerich hb SCHWEIZ,24.52,Noemi,Groceries,everyday
2025-06-05,21:42,swiss international air lines ST GALLEN TRX 74158929,208.88,Noemi,Travel,trip
2025-06-06,03:56,FITNESSPARK ABO CARD*2163,88.24,Ada,Subscriptions,everyday
2025-06-06,05:01,icloud,2.90,Ada,Subscriptions,everyday
2025-06-06,07:05,ZVV //WINTERTHUR,3.10,Bruno,Transport,everyday
2025-06-06,09:09,MIGROS,20.46,Bruno,Groceries,date_night
2025-06-06,19:00,ALDI SUISSE,46.82,Noemi,Groceries,everyday
2025-06-06,19:17,Migros Mm Zuerich Hb ZUERICH WIEDIKON 19.08.26,32.13,Ada,Groceries,everyday
2025-06-06,19:32,SPAR EXPRESS //USTER,24.45,Ada,Groceries,everyday
2025-06-06,21:06,TIBITS 01.06.24 TRX 92750383,17.78,Noemi,Dining,everyday
2025-06-06,21:52,MUSEU NACIONAL,19.10,Bruno,Entertainment,trip
2025-06-07,12:25,IKEA DIETLIKON/ZURICH,762.70,Ada,Home,everyday
2025-06-07,16:28,DEPOT ZUERICH NR.8657,25.90,Ada,Home,everyday
2025-06-07,19:55,Taverna Mykonos KOPENHAGEN STORE4867,34.62,Noemi,Dining,trip
2025-06-07,20:04,TEATRO ROMANO,39.09,Ada,Entertainment,trip
2025-06-08,03:54,SWISSCOM,79.55,Noemi,Subscriptions,date_night
2025-06-08,06:18,HOTEL SCHWEIZERHOF //ZUERICH OERLIKON 06.01.25,479.03,Noemi,Travel,trip
2025-06-08,10:23,cafe spruengli SCHLIEREN,14.91,Ada,Cafes,everyday
2025-06-08,18:35,HALLENSTADION THALWIL STORE3557,218.84,Ada,Entertainment,date_night
2025-06-09,02:50,SALT MOBILE,50.68,Ada,Subscriptions,everyday
2025-06-09,07:19,Cafe Spruengli 04.03.25,20.31,Bruno,Cafes,everyday
2025-06-09,12:43,metzgerei angst ZUERICH OERLIKON NR.5087 SUISSE,44.69,Ada,Groceries,everyday
2025-06-09,16:14,BAECKEREI FISCHER ZUERICH OERLIKON,6.58,Bruno,Groceries,everyday
2025-06-09,16:16,spar express ZÜRICH CARD*4979,44.25,Bruno,Groceries,everyday
2025-06-09,19:47,COOP KLOTEN 2784 TID 38861020,28.14,Ada,Groceries,everyday
2025-06-10,05:34,NETFLIX 28.04.26,20.08,Bruno,Subscriptions,everyday
2025-06-10,07:57,SBB CFF FFS //ZURICH NO. 40212373,17.88,Ada,Transport,everyday
2025-06-10,11:42,ZEUGHAUSKELLER ZUERICH TID 84608545,61.45,Ada,Dining,everyday
2025-06-10,14:47,HOTEL BELLEVUE,201.40,Bruno,Travel,trip
2025-06-10,14:53,SWISS INTERNATIONAL AIR LINES 2627,256.52,Bruno,Travel,trip
2025-06-10,14:55,VICAFE LUZERN,5.40,Ada,Cafes,everyday
2025-06-11,03:06,SERAFE,111.44,Ada,Subscriptions,date_night
2025-06-11,10:52,BLUME 3000,37.40,Bruno,Gifts,gift
2025-06-11,18:35,BINDELLA RISTORANTE/LUZERN,71.78,Ada,Dining,date_night
2025-06-12,12:01,MOBILITY,36.06,Ada,Transport,everyday
2025-06-12,12:13,PFISTER MOEBEL,100.00,Noemi,Home,everyday
2025-06-12,13:16,CHRIST UHREN SCHMUCK WINTERTHUR,514.22,Ada,Gifts,gift
2025-06-12,13:36,vicafe,4.40,Bruno,Cafes,everyday
2025-06-13,03:54,SUNRISE,59.68,Ada,Subscriptions,everyday
2025-06-13,07:48,SBB CFF FFS,4.64,Ada,Transport,everyday
2025-06-13,10:52,MIGROS MM ZUERICH HB 27.06.25,12.90,Ada,Groceries,everyday
2025-06-13,17:51,GESCHENKIDEE CH DIETIKON REF 33449195 CARD*2340,92.92,Bruno,Gifts,gift
2025-06-13,19:53,HILTL 05.07.25,36.95,Ada,Dining,everyday
2025-06-14,12:33,Hornbach //ZURICH 19.07.25 REF 79148511,107.09,Bruno,Home,everyday
2025-06-14,15:08,COOP CARD*8934,43.89,Ada,Groceries,everyday
2025-06-14,18:18,aldi suisse,12.17,Bruno,Groceries,trip
2025-06-14,19:17,MIGROLINO 22.03.25,15.66,Bruno,Groceries,everyday
2025-06-14,19:20,swiss international air lines ZH 25.05.24,119.08,Bruno,Travel,trip
2025-06-15,13:23,KRONENHALLE USTER 03.10.24,169.62,Bruno,Dining,everyday
2025-06-15,21:06,RESTAURANT LINDE WALLISELLEN,70.44,Bruno,Dining,date_night
2025-06-16,08:07,COFFEE STOP NR.4189,6.56,Noemi,Cafes,everyday
2025-06-16,14:56,CAFE SPRUENGLI Thalwil STORE4014 08.02.26,24.04,Noemi,Cafes,everyday
2025-06-16,16:20,COOP PRONTO 07.04.24,11.31,Noemi,Groceries,gift
2025-06-16,19:43,ZOO ZUERICH WINTERTHUR,62.91,Noemi,Entertainment,everyday
2025-06-16,21:38,HILTL //WALLISELLEN,66.37,Noemi,Dining,everyday
2025-06-17,10:34,Migros,53.59,Bruno,Groceries,everyday
2025-06-17,11:00,Amavita Apotheke NO. 181371,29.10,Bruno,Health,everyday
2025-06-17,15:56,MOBILITY/SCHLIEREN 1609,117.91,Ada,Transport,everyday
2025-06-17,17:12,APOTHEKE ZUR ROSE,15.91,Noemi,Health,everyday
2025-06-17,19:24,KAUFLEUTEN STORE9890 26.03.26,21.51,Ada,Entertainment,everyday
2025-06-18,10:10,blume 3000/ZUERICH OERLIKON,44.65,Ada,Gifts,gift
2025-06-18,16:37,HALLENSTADION ZUERICH 12.07.24,98.56,Noemi,Entertainment,everyday
2025-06-18,18:58,COOP/DIETIKON,63.10,Bruno,Groceries,everyday
2025-06-19,08:38,SBB CFF FFS 03.08.26,7.53,Ada,Transport,everyday
2025-06-19,12:04,MIGROS THALWIL,97.84,Bruno,Groceries,everyday
2025-06-19,18:50,VOLG 18.06.25,32.53,Ada,Groceries,everyday
2025-06-20,07:39,POSTAUTO ZURICH 3183,5.66,Bruno,Transport,everyday
2025-06-20,14:35,MANOR //ST GALLEN CH,45.02,Ada,Gifts,gift
2025-06-20,20:48,Kebab House SCHLIEREN CARD*4437,44.27,Ada,Dining,everyday
2025-06-20,22:15,KINO RIFFRAFF LUZERN SUISSE,9.44,Bruno,Entertainment,everyday
2025-06-21,09:48,OBI BAUMARKT TRX 78010760,48.53,Bruno,Home,everyday
2025-06-21,15:51,CAFE BÄCKEREI ZEIT,9.49,Bruno,Cafes,everyday
2025-06-21,18:02,MARKTHALLE BASEL 24.06.24,33.07,Bruno,Groceries,everyday
2025-06-21,18:05,ALDI SUISSE FIL.5847,29.36,Bruno,Groceries,everyday
2025-06-21,18:40,RESTAURANT LINDE,55.09,Ada,Dining,date_night
2025-06-22,07:21,BLACK SHEEP 16.01.26 KD.NR 90405009,3.99,Ada,Cafes,everyday
2025-06-22,13:39,BURGER KING 17.06.26,14.99,Noemi,Dining,everyday
2025-06-22,20:13,RESTAURANT LINDE STORE8521,54.64,Ada,Dining,date_night
2025-06-23,08:50,APOTHEKE ZUR ROSE NR.9738,47.16,Bruno,Health,everyday
2025-06-24,17:20,LIDL SCHWEIZ //Zuerich Wiedikon FIL.3595 22.10.26 CARD*7683,14.17,Bruno,Groceries,everyday
2025-06-24,17:41,COOP PRONTO THALWIL 13.08.26,12.40,Bruno,Groceries,everyday
2025-06-25,10:21,bohemia cafe //WINTERTHUR,16.21,Bruno,Cafes,trip
2025-06-25,13:28,METZGEREI ANGST Winterthur 2584,28.30,Bruno,Groceries,everyday
2025-06-25,14:48,LIDL SCHWEIZ 17.12.24,19.93,Noemi,Groceries,everyday
2025-06-25,18:08,ZVV,8.85,Bruno,Transport,trip
2025-06-26,09:36,MIGROS,34.09,Ada,Groceries,everyday
2025-06-26,16:12,LANDI ST GALLEN 6369 25.07.26,20.01,Noemi,Home,everyday
2025-06-26,17:23,MIGROLINO FIL.9193 CARD*3631,9.12,Bruno,Groceries,trip
2025-06-26,17:49,Vbz Ticket DIETIKON CARD*7787,5.46,Noemi,Transport,everyday
2025-06-26,19:01,Opernhaus Zuerich,142.10,Bruno,Entertainment,date_night
2025-06-27,09:30,HORNBACH ZÜRICH CARD*4683,86.56,Ada,Home,everyday
2025-06-27,12:48,PHYSIOTHERAPIE SEEFELD //DIETIKON,124.27,Bruno,Health,everyday
2025-06-27,12:57,Kebab House 6170,19.09,Ada,Dining,everyday
2025-06-27,15:47,KINO ARENA,22.37,Bruno,Entertainment,everyday
2025-06-27,17:43,MIGROS 4163,21.36,Noemi,Groceries,everyday
2025-06-27,18:39,COOP PRONTO //DIETIKON,20.75,Noemi,Groceries,everyday
2025-06-28,16:25,Baeckerei Fischer ZH 03.08.24,10.68,Ada,Groceries,everyday
2025-06-28,21:22,ZEUGHAUSKELLER USTER,76.55,Noemi,Dining,date_night
2025-06-30,16:39,GLOBUS 09.02.24 CARD*2463,238.88,Ada,Gifts,gift
2025-06-30,17:59,SBB CFF FFS ZH TID 94299659,19.56,Ada,Transport,everyday
2025-06-30,19:25,DENNER ZUERICH OERLIKON,27.70,Noemi,Groceries,everyday
2025-07-01,05:20,SPOTIFY CH,12.97,Bruno,Subscriptions,everyday
2025-07-01,08:13,MIGROS,18.21,Bruno,Groceries,everyday
2025-07-01,08:14,VBZ TICKET 24.07.24,8.82,Noemi,Transport,everyday
2025-07-01,09:34,COOP BAU HOBBY,19.21,Bruno,Home,trip
2025-07-01,09:51,MIGROS //ZUERICH OERLIKON 02.04.25,53.57,Ada,Groceries,everyday
2025-07-01,13:21,HOTEL BELLEVUE/LUZERN NR.7129 12.03.24,349.65,Bruno,Travel,trip
2025-07-01,16:36,VOLG //ST GALLEN NR.8523,12.11,Noemi,Groceries,everyday
2025-07-01,18:58,COOP PRONTO ZH STORE8226,31.68,Ada,Groceries,everyday
2025-07-02,14:49,Hotel Bellevue CARD*4306,182.69,Noemi,Travel,trip
2025-07-02,16:42,SWISS TRAVEL ST GALLEN 26.02.24,84.66,Noemi,Travel,trip
2025-07-02,16:52,COOP BAU HOBBY,24.06,Noemi,Home,everyday
2025-07-02,19:49,KRONENHALLE ST GALLEN,136.28,Ada,Dining,date_night
2025-07-03,09:33,Coffee Stop //Zurich NR.319,4.74,Bruno,Cafes,everyday
2025-07-03,16:00,SHELL AUTOBAHN //DIETIKON,66.01,Ada,Transport,everyday
2025-07-03,16:09,VICAFE LUZERN SCHWEIZ,6.97,Ada,Cafes,everyday
2025-07-03,16:09,zvv,3.73,Ada,Transport,everyday
2025-07-03,19:19,COOP,19.60,Bruno,Groceries,everyday
2025-07-04,02:31,nzz abo NR.5513,39.02,Noemi,Subscriptions,everyday
2025-07-04,02:42,DISNEY PLUS KD.NR 25065160,15.90,Ada,Subscriptions,everyday
2025-07-04,07:20,STARBUCKS Basel,5.20,Noemi,Cafes,everyday
2025-07-04,09:34,Baeckerei Fischer NR.8651,9.36,Ada,Groceries,everyday
2025-07-04,21:16,KAUFLEUTEN,34.15,Noemi,Entertainment,date_night
2025-07-05,16:17,Blume 3000,50.44,Noemi,Gifts,gift
2025-07-06,03:03,ICLOUD,2.94,Ada,Subscriptions,everyday
2025-07-06,04:10,FITNESSPARK ABO,90.21,Noemi,Subscriptions,everyday
2025-07-06,18:18,COOP BAU HOBBY BERN 4088,45.73,Ada,Home,everyday
2025-07-06,18:32,Kronenhalle LUZERN,178.79,Ada,Dining,date_night
2025-07-07,09:00,volg FIL.7478,53.95,Noemi,Groceries,everyday
2025-07-08,02:49,SWISSCOM 05.01.26,80.03,Noemi,Subscriptions,everyday
2025-07-08,17:41,POSTAUTO ZURICH,9.40,Bruno,Transport,everyday
2025-07-08,19:13,COOP PRONTO TID 51267983,6.60,Bruno,Groceries,everyday
2025-07-08,19:39,SWISS INTERNATIONAL AIR LINES //THALWIL NR.7844,154.05,Noemi,Travel,trip
2025-07-08,21:20,Kaufleuten,34.97,Noemi,Entertainment,everyday
2025-07-09,04:48,salt mobile NR.7184,50.48,Noemi,Subscriptions,everyday
2025-07-09,09:16,swiss international air lines //WALLISELLEN,196.54,Bruno,Travel,trip
2025-07-09,19:16,RESTAURANT SANTA LUCIA SCHWEIZ,58.85,Bruno,Dining,trip
2025-07-10,04:19,Netflix,19.64,Noemi,Subscriptions,everyday
2025-07-10,07:35,VICAFE Wallisellen,2.94,Noemi,Cafes,everyday
2025-07-10,18:14,BAECKEREI FISCHER,8.75,Ada,Groceries,everyday
2025-07-11,04:48,SERAFE 02.05.25 REF 85753881,109.32,Noemi,Subscriptions,everyday
2025-07-11,14:39,KAUFLEUTEN/Zurich,34.19,Noemi,Entertainment,everyday
2025-07-11,16:17,SWISS INTERNATIONAL AIR LINES TRX 67977817,319.48,Noemi,Travel,trip
2025-07-11,18:36,CAFE SPRUENGLI,24.59,Noemi,Cafes,everyday
2025-07-11,19:51,Kino Riffraff,14.21,Ada,Entertainment,date_night
2025-07-12,08:30,COFFEE STOP BASEL,3.66,Noemi,Cafes,everyday
2025-07-12,11:08,PFISTER MOEBEL THALWIL CH,95.33,Bruno,Home,date_night
2025-07-12,12:01,Coop Pronto/Basel,13.42,Bruno,Groceries,everyday
2025-07-12,14:25,LANDI,29.98,Ada,Home,everyday
2025-07-12,14:43,CHRIST UHREN SCHMUCK //THALWIL,311.62,Noemi,Gifts,gift
2025-07-12,16:59,geschenkidee ch 7455,63.04,Noemi,Gifts,gift
2025-07-12,17:26,ALNATURA ZUERICH Schlieren,13.72,Bruno,Groceries,everyday
2025-07-13,04:29,SUNRISE,59.28,Ada,Subscriptions,everyday
2025-07-13,09:51,MIGROLINO,9.68,Bruno,Groceries,everyday
2025-07-14,07:53,Bolt Ride CARD*9328,25.26,Noemi,Transport,everyday
2025-07-14,08:09,Coop,14.35,Bruno,Groceries,everyday
2025-07-14,11:36,BÄCKEREI HUG,9.69,Noemi,Groceries,gift
2025-07-14,12:29,MIGROLINO/LUZERN NR.6798,17.41,Noemi,Groceries,everyday
2025-07-14,15:00,Apotheke Zur Rose //ZUERICH WIEDIKON 11.02.24,42.85,Bruno,Health,everyday
2025-07-14,15:35,CAFE BÄCKEREI ZEIT,9.84,Ada,Cafes,everyday
2025-07-14,19:07,ZVV,1.86,Ada,Transport,everyday
2025-07-14,21:18,AIRBNB PAYMENTS //DIETIKON FIL.4608 CH,274.43,Ada,Travel,trip
2025-07-15,16:35,COOP ZÜRICH 19.05.24,52.46,Ada,Groceries,everyday
2025-07-16,16:53,cafeteria eth NR.4605 TID 5670598,4.88,Bruno,Cafes,date_night
2025-07-16,17:07,MIGROLINO LUZERN,8.06,Ada,Groceries,trip
2025-07-17,12:03,IKEA DIETLIKON STORE8433,61.05,Bruno,Home,everyday
2025-07-17,12:51,Apotheke Zur Rose,21.14,Bruno,Health,everyday
2025-07-17,14:53,BP TANKSTELLE/Zuerich Wiedikon,29.42,Ada,Transport,everyday
2025-07-17,15:48,PFISTER MOEBEL USTER,70.67,Bruno,Home,everyday
2025-07-17,21:26,RESTAURANT ZUM GRUENEN GLAS TID 24726226,65.62,Ada,Dining,date_night
2025-07-18,08:02,MOBILITY //BERN 1096 11.07.24,123.62,Noemi,Transport,everyday
2025-07-18,13:43,SWISS CHUCHI 14.12.26,89.83,Ada,Dining,everyday
2025-07-18,16:20,BOOKING.COM/ZUERICH WIEDIKON 5411,475.26,Bruno,Travel,trip
2025-07-18,16:32,toppharm apotheke BASEL,33.97,Bruno,Health,everyday
2025-07-18,17:12,GLOBUS WALLISELLEN 2882,115.36,Ada,Gifts,gift
2025-07-19,11:41,INTERFLORA,31.20,Noemi,Gifts,gift
2025-07-19,13:16,COOP BAU HOBBY //LUZERN NR.1868,32.78,Noemi,Home,gift
2025-07-19,16:40,MIGROS NR.4587 CARD*4351,36.27,Bruno,Groceries,everyday
2025-07-19,18:37,MIGROS 09.09.25,19.04,Ada,Groceries,everyday
2025-07-19,20:48,tibits ZÜRICH,60.04,Ada,Dining,everyday
2025-07-20,13:08,KEBAB HOUSE,25.12,Ada,Dining,everyday
2025-07-20,19:35,HILTL,24.12,Ada,Dining,date_night
2025-07-20,21:21,KEBAB HOUSE,8.11,Bruno,Dining,everyday
2025-07-21,11:46,PHYSIOTHERAPIE SEEFELD 8379,88.99,Noemi,Health,everyday
2025-07-22,10:29,Sbb Cff Ffs Schlieren,36.35,Bruno,Transport,everyday
2025-07-22,16:02,BAECKEREI FISCHER BERN SUISSE,14.11,Noemi,Groceries,everyday
2025-07-22,19:23,COOP,39.49,Bruno,Groceries,everyday
2025-07-23,11:24,BOOKING.COM 01.11.26,99.19,Ada,Travel,trip
2025-07-23,14:39,MEDBASE ZH 20.10.26,30.50,Noemi,Health,everyday
2025-07-23,17:24,Pfister Moebel 25.02.24,487.15,Ada,Home,everyday
2025-07-23,17:47,Bäckerei Hug CARD*8202,7.87,Noemi,Groceries,everyday
2025-07-23,18:32,SBB CFF FFS/ZURICH,36.02,Bruno,Transport,everyday
2025-07-23,19:00,ALDI SUISSE,44.68,Noemi,Groceries,everyday
2025-07-23,19:03,Tibits ZUERICH TID 40003173,68.81,Noemi,Dining,everyday
2025-07-23,22:09,Kino Arena ZURICH 28.10.26 NO. 48424336,36.27,Noemi,Entertainment,date_night
2025-07-24,07:59,POSTAUTO ST GALLEN 16.09.26,11.38,Noemi,Transport,trip
2025-07-24,09:43,Black Sheep,3.54,Ada,Cafes,trip
2025-07-24,11:33,BINDELLA RISTORANTE 19.09.24,235.76,Ada,Dining,everyday
2025-07-24,12:58,PIZZERIA DA MICHELE FIL.3550 REF 77414148,36.38,Bruno,Dining,everyday
2025-07-24,16:24,MEDBASE,58.50,Ada,Health,everyday
2025-07-24,16:30,CHRIST UHREN SCHMUCK //ZUERICH,83.71,Bruno,Gifts,gift
2025-07-24,17:46,BLUME 3000,41.40,Ada,Gifts,everyday
2025-07-24,17:48,CHRIST UHREN SCHMUCK STORE6758,186.30,Ada,Gifts,gift
2025-07-24,17:48,Migros //ZÜRICH,36.51,Bruno,Groceries,gift
2025-07-24,19:21,burger king,13.02,Bruno,Dining,everyday
2025-07-25,07:31,SBB CFF FFS STORE1337 NO. 87193629,17.13,Bruno,Transport,everyday
2025-07-25,08:44,Migrolino 7718,7.07,Bruno,Groceries,everyday
2025-07-25,09:05,AIRBNB PAYMENTS 28.10.26,291.51,Ada,Travel,trip
2025-07-25,12:00,INTERFLORA ZUERICH WIEDIKON STORE3939 01.04.24,93.93,Bruno,Gifts,gift
2025-07-25,15:03,ZOO ZUERICH NO. 88887537,103.20,Ada,Entertainment,everyday
2025-07-25,19:51,Kebab House 04.10.24 SCHWEIZ,9.13,Bruno,Dining,everyday
2025-07-26,08:16,VOLG 21.04.24,6.17,Noemi,Groceries,everyday
2025-07-26,12:08,MIGROS ST GALLEN STORE3348,23.14,Ada,Groceries,everyday
2025-07-26,16:31,MIGROS 7384,19.23,Ada,Groceries,everyday
2025-07-26,17:35,BLUMENGALERIE SEEFELD //KLOTEN 4652,39.11,Noemi,Gifts,gift
2025-07-26,20:21,RESTAURANT LINDE Dietikon CARD*1555,80.94,Ada,Dining,date_night
2025-07-26,20:37,tibits,33.76,Noemi,Dining,everyday
2025-07-26,21:08,NOOCH ASIAN KITCHEN,28.15,Bruno,Dining,everyday
2025-07-26,21:53,HOTEL ADLER/ST GALLEN,117.89,Bruno,Travel,trip
2025-07-27,07:19,PARKHAUS HOHE PROMENADE/ZURICH,4.54,Bruno,Transport,everyday
2025-07-27,18:21,CAFE BÄCKEREI ZEIT 05.12.25,9.87,Ada,Cafes,everyday
2025-07-28,12:08,MEDBASE ZH STORE4130,70.38,Bruno,Health,everyday
2025-07-28,13:40,SBB RAILAWAY STORE2296,99.63,Ada,Travel,trip
2025-07-28,16:04,ALDI SUISSE Bern NR.3833 22.01.26,44.24,Ada,Groceries,everyday
2025-07-28,16:31,Dr Med Huber Praxis SCHLIEREN,213.53,Noemi,Health,everyday
2025-07-28,18:31,MANOR,58.73,Bruno,Gifts,gift
2025-07-29,09:58,BAECKEREI FISCHER CARD*9033,3.57,Noemi,Groceries,everyday
2025-07-29,13:15,DR MED HUBER PRAXIS //Kloten,221.26,Bruno,Health,everyday
2025-07-29,13:36,MANOR STORE3147 26.05.25,66.35,Noemi,Gifts,everyday
2025-07-29,18:35,SHELL AUTOBAHN/KLOTEN,236.93,Bruno,Transport,everyday
2025-07-30,13:29,BLACK SHEEP,2.28,Ada,Cafes,everyday
2025-07-30,15:26,Coop Bau Hobby/ZH 24.02.24,122.88,Bruno,Home,everyday
2025-07-30,18:25,Cafe Bäckerei Zeit KLOTEN FIL.1797,5.03,Ada,Cafes,everyday
2025-07-30,20:56,RESTAURANT LINDE,62.60,Noemi,Dining,date_night
2025-07-30,22:19,kino arena,32.43,Noemi,Entertainment,everyday
2025-07-31,08:05,Starbucks,10.09,Ada,Cafes,everyday
2025-07-31,09:16,Coop KLOTEN NR.9663,20.15,Noemi,Groceries,everyday
2025-07-31,09:29,amavita apotheke //BERN SCHWEIZ,16.71,Bruno,Health,everyday
2025-07-31,10:22,PARKHAUS HOHE PROMENADE ZH,14.38,Noemi,Transport,everyday
2025-07-31,12:11,MANOR,26.47,Ada,Gifts,gift
2025-07-31,14:10,migros STORE3716 20.06.24 CARD*4774,23.99,Noemi,Groceries,everyday
2025-07-31,16:27,MIGROS,59.59,Noemi,Groceries,everyday
2025-07-31,17:04,MANOR USTER,108.75,Bruno,Gifts,gift
2025-08-01,03:03,Spotify,12.99,Noemi,Subscriptions,date_night
2025-08-01,12:03,IKEA DIETLIKON ZUERICH,130.95,Bruno,Home,everyday
2025-08-01,18:25,Lidl Schweiz/Dietikon 11.12.25 NO. 84046477,18.86,Ada,Groceries,everyday
2025-08-01,20:41,KINO RIFFRAFF WALLISELLEN,20.56,Bruno,Entertainment,everyday
2025-08-01,20:56,KINO RIFFRAFF //ZUERICH WIEDIKON 17.02.24 KD.NR 48672874,22.36,Ada,Entertainment,date_night
2025-08-02,10:06,COOP PRONTO BASEL,13.16,Noemi,Groceries,everyday
2025-08-02,17:30,aldi suisse 6437 16.12.25,45.63,Bruno,Groceries,everyday
2025-08-02,19:27,Denner/WINTERTHUR,10.99,Ada,Groceries,everyday
2025-08-02,20:47,ZEUGHAUSKELLER Zuerich 14.04.25,86.59,Bruno,Dining,date_night
2025-08-03,12:49,SUSHI ZEN St Gallen,68.02,Noemi,Dining,everyday
2025-08-03,19:04,RESTAURANT SANTA LUCIA,100.78,Bruno,Dining,date_night
2025-08-03,21:51,booking.com ZUERICH OERLIKON FIL.1180 20.02.25,88.56,Noemi,Travel,trip
2025-08-04,02:16,DISNEY PLUS NR.8180,16.05,Bruno,Subscriptions,everyday
2025-08-04,02:30,NZZ ABO,38.82,Bruno,Subscriptions,everyday
2025-08-04,16:55,KINO ARENA //ZH REF 14990323,16.31,Bruno,Entertainment,everyday
2025-08-04,18:03,VBZ TICKET 5192 REF 99281087 CARD*8472,9.38,Ada,Transport,everyday
2025-08-04,18:06,Migros Mm Zuerich Hb DIETIKON NR.5269 06.04.25,11.39,Noemi,Groceries,everyday
2025-08-04,18:12,MIGROS,27.89,Noemi,Groceries,everyday
2025-08-04,18:18,Amavita Apotheke/SCHLIEREN NR.5463,37.51,Noemi,Health,date_night
2025-08-04,18:25,MIGROLINO Thalwil,10.43,Noemi,Groceries,everyday
2025-08-05,08:12,METRO TICKET,7.97,Ada,Transport,gift
2025-08-05,17:05,METRO TICKET STORE760,14.63,Bruno,Transport,trip
2025-08-05,19:08,RESTAURANT SANTA LUCIA/WALLISELLEN,41.84,Ada,Dining,everyday
2025-08-05,19:57,RESTAURANT LINDE ZUERICH WIEDIKON NO. 22897522,29.04,Noemi,Dining,date_night
2025-08-06,03:36,ICLOUD,2.94,Ada,Subscriptions,everyday
2025-08-06,04:27,FITNESSPARK ABO 11.04.25,88.78,Ada,Subscriptions,everyday
2025-08-06,07:43,SBB CFF FFS //ZÜRICH,17.19,Noemi,Transport,everyday
2025-08-06,08:11,COOP,54.33,Noemi,Groceries,everyday
2025-08-06,08:55,COOP WINTERTHUR,10.86,Bruno,Groceries,everyday
2025-08-06,09:08,VICAFE CARD*5469,4.16,Noemi,Cafes,everyday
2025-08-06,10:26,SOUVENIR SHOP HAMBURG DE FIL.1145,47.76,Bruno,Gifts,date_night
2025-08-06,12:32,VOLG WINTERTHUR 3584,8.93,Ada,Groceries,everyday
2025-08-06,14:46,SWISS INTERNATIONAL AIR LINES/ZÜRICH,650.01,Noemi,Travel,trip
2025-08-06,16:43,Bp Tankstelle 24.03.25,41.26,Bruno,Transport,everyday
2025-08-06,16:47,MOBILITY //KLOTEN,56.40,Ada,Transport,everyday
2025-08-06,17:08,mobility USTER 8621 20.07.26,18.61,Ada,Transport,everyday
2025-08-07,06:46,ZVV BERN,2.60,Noemi,Transport,everyday
2025-08-07,07:15,CITY BIKE RENT NR.841,13.26,Ada,Transport,everyday
2025-08-07,08:40,BOOKING.COM LUZERN CARD*6591,180.48,Bruno,Travel,trip
2025-08-07,11:04,Pfister Moebel,187.81,Noemi,Home,everyday
2025-08-07,11:16,MICASA/Zuerich Oerlikon REF 97191207,84.70,Bruno,Home,everyday
2025-08-07,12:18,MANOR 13.12.25,231.69,Noemi,Gifts,gift
2025-08-07,17:02,Orell Fuessli,33.68,Bruno,Gifts,gift
2025-08-07,17:40,BLUME 3000,182.07,Noemi,Gifts,gift
2025-08-07,20:36,TAVERNA MYKONOS/HAMBURG DE,63.80,Ada,Dining,everyday
2025-08-08,04:10,SWISSCOM 15.02.24,79.22,Noemi,Subscriptions,everyday
2025-08-08,07:41,Vicafe //ZUERICH WIEDIKON,4.51,Ada,Cafes,everyday
2025-08-08,10:47,Jumbo FIL.7041,61.00,Bruno,Home,everyday
2025-08-08,11:13,COOP //BASEL,33.87,Noemi,Groceries,everyday
2025-08-08,12:42,BÄCKEREI HUG LUZERN,11.33,Noemi,Groceries,everyday
2025-08-08,13:29,RENFE VIAJEROS STORE4817,27.69,Noemi,Transport,everyday
2025-08-08,17:47,KAFFEEHAUS SPERL 2937,9.08,Ada,Cafes,trip
2025-08-08,18:46,TRATTORIA DA NINO CH,41.86,Noemi,Dining,trip
2025-08-08,19:52,HOTEL BOAVISTA //LUGANO CH KD.NR 54777290,91.88,Noemi,Travel,trip
2025-08-08,21:21,burger king STORE309 NO. 38507125,15.85,Ada,Dining,everyday
2025-08-09,02:40,Salt Mobile,50.60,Bruno,Subscriptions,everyday
2025-08-09,11:52,DEPOT ZUERICH //ZUERICH OERLIKON,28.95,Bruno,Home,trip
2025-08-09,13:09,JELMOLI,329.64,Ada,Gifts,gift
2025-08-09,13:13,HORNBACH THALWIL STORE6460,25.91,Noemi,Home,everyday
2025-08-09,18:06,Metro Ticket,5.71,Bruno,Transport,trip
2025-08-09,18:33,SCHAUSPIELHAUS,111.77,Noemi,Entertainment,date_night
2025-08-09,18:55,LE DEZALEY/KLOTEN,72.12,Ada,Dining,date_night
2025-08-09,19:03,AEROPORTO TAXI HAMBURG DE KD.NR 9758699,35.73,Noemi,Transport,trip
2025-08-09,20:45,AIRBNB PAYMENTS LUGANO CH,420.90,Bruno,Travel,trip
2025-08-09,20:57,Kaufleuten,26.73,Bruno,Entertainment,date_night
2025-08-09,21:01,GUIDED CITY TOUR,56.35,Noemi,Entertainment,trip
2025-08-10,04:25,NETFLIX,19.96,Noemi,Subscriptions,everyday
2025-08-10,07:28,Kaffeehaus Sperl/LUGANO REF 4597683,14.90,Ada,Cafes,trip
2025-08-10,08:08,metro ticket CARD*4943,2.46,Noemi,Transport,trip
2025-08-10,13:02,OCEANARIO,17.94,Noemi,Entertainment,trip
2025-08-10,13:34,Sushi Zen ZÜRICH STORE3347 SCHWEIZ,162.91,Ada,Dining,everyday
2025-08-10,13:35,BRASSERIE GEORGES Hamburg De 27.11.26,71.97,Ada,Dining,trip
2025-08-10,16:28,guided city tour,28.24,Ada,Entertainment,trip
2025-08-10,18:20,TAVERNA MYKONOS Lugano Ch,58.72,Noemi,Dining,trip
2025-08-10,19:00,TRATTORIA DA NINO //Hamburg De NR.64 SUISSE,62.70,Noemi,Dining,trip
2025-08-11,04:37,SERAFE,109.56,Ada,Subscriptions,everyday
2025-08-11,06:45,ZVV,3.71,Ada,Transport,everyday
2025-08-11,08:21,Lidl Schweiz STORE856,46.00,Ada,Groceries,everyday
2025-08-11,11:56,SOUVENIR SHOP/LUGANO CH REF 15877107,37.72,Noemi,Gifts,trip
2025-08-11,16:03,GUIDED CITY TOUR CARD*4040,68.82,Ada,Entertainment,trip
2025-08-11,18:55,MIGROS 8171,22.41,Ada,Groceries,date_night
2025-08-11,19:07,BRASSERIE GEORGES,38.79,Ada,Dining,trip
2025-08-11,19:54,RESTAURANTE DO FADO //LUGANO SCHWEIZ,106.95,Ada,Dining,everyday
2025-08-11,21:36,museu nacional NO. 96620258,43.82,Ada,Entertainment,trip
2025-08-12,08:24,STARBUCKS,5.08,Bruno,Cafes,trip
2025-08-12,11:44,Souvenir Shop NR.9566,41.65,Ada,Gifts,trip
2025-08-12,11:50,MANOR CARD*3155,130.23,Noemi,Gifts,gift
2025-08-12,13:11,SCHAUSPIELHAUS 01.11.24 NO. 76999620,42.51,Bruno,Entertainment,everyday
2025-08-12,14:45,VOLG Thalwil 05.03.25 SUISSE,8.42,Ada,Groceries,everyday
2025-08-12,18:26,Aeroporto Taxi NR.5564,24.04,Noemi,Transport,trip
2025-08-12,19:14,TEATRO ROMANO,60.49,Bruno,Entertainment,trip
2025-08-12,19:30,BRASSERIE GEORGES LUGANO CH 15.03.24,99.75,Noemi,Dining,everyday
2025-08-12,19:43,TRATTORIA DA NINO //LUGANO CH,167.01,Noemi,Dining,trip
2025-08-13,03:53,Sunrise NR.8547 CARD*5628,58.95,Bruno,Subscriptions,everyday
2025-08-13,08:49,ZVV LUZERN 3731,10.10,Bruno,Transport,everyday
2025-08-13,08:51,MOBILITY,49.38,Ada,Transport,gift
2025-08-13,16:27,Cafe Central LUGANO CH 248,9.39,Noemi,Cafes,trip
2025-08-13,17:10,SBB CFF FFS KLOTEN,49.96,Ada,Transport,everyday
2025-08-13,18:04,CITY BIKE RENT/Lugano NR.9145 26.09.25,6.39,Bruno,Transport,trip
2025-08-13,20:10,BISTRO LE PETIT STORE1844 08.04.25,70.17,Bruno,Dining,everyday
2025-08-13,20:46,Osteria Del Borgo LUGANO CH NR.4087,120.90,Noemi,Dining,trip
2025-08-13,21:56,OCEANARIO Lugano Ch,59.71,Noemi,Entertainment,trip
2025-08-14,12:49,HOTEL DE LA PAIX/LUGANO CH NO. 16888337,310.19,Bruno,Travel,trip
2025-08-14,15:15,blume 3000 3588,77.16,Bruno,Gifts,gift
2025-08-14,15:48,PENSION MARIA/LUGANO FIL.6209,138.84,Ada,Travel,trip
2025-08-14,16:28,APOTHEKE ZUR ROSE KLOTEN KD.NR 15999319,27.77,Ada,Health,everyday
2025-08-14,17:24,DENNER REF 74829714,36.30,Ada,Groceries,everyday
2025-08-14,18:48,guided city tour PORTO,41.77,Noemi,Entertainment,trip
2025-08-14,19:55,BISTRO LE PETIT,65.48,Bruno,Dining,trip
2025-08-14,21:37,Museu Nacional LUGANO STORE1010,39.21,Ada,Entertainment,trip
2025-08-14,21:39,BISTRO LE PETIT FIL.8136,108.70,Noemi,Dining,trip
2025-08-14,22:20,Pathe Spreitenbach/BASEL,13.64,Bruno,Entertainment,everyday
2025-08-15,10:07,BLACK SHEEP,4.53,Ada,Cafes,everyday
2025-08-15,10:37,BOLT RIDE ZUERICH OERLIKON 22.10.25,48.16,Noemi,Transport,gift
2025-08-15,11:32,trattoria da nino PORTO FIL.6094 KD.NR 69013456,198.49,Bruno,Dining,trip
2025-08-15,12:27,ZAHNARZT ZENTRUM OERLIKON/LUZERN 09.08.26,216.38,Bruno,Health,everyday
2025-08-15,13:05,mercado artesanal FIL.9562,18.92,Bruno,Gifts,trip
2025-08-15,14:40,FLIXBUS WINTERTHUR,64.19,Ada,Travel,everyday
2025-08-15,15:43,KINO ARENA,19.63,Noemi,Entertainment,everyday
2025-08-15,15:47,museu nacional SUISSE,22.11,Bruno,Entertainment,trip
2025-08-15,17:38,COOP,19.78,Bruno,Groceries,everyday
2025-08-15,17:42,POSTAUTO SUISSE,7.19,Ada,Transport,everyday
2025-08-15,18:43,KAFFEEHAUS SPERL 6908 26.05.24,31.61,Ada,Cafes,trip
2025-08-15,19:04,ZVV ZURICH 9514 SUISSE,3.36,Noemi,Transport,everyday
2025-08-16,12:57,RESTAURANT BLAUE ENTE WINTERTHUR 25.10.25,118.40,Ada,Dining,everyday
2025-08-16,18:04,STARBUCKS ST GALLEN,10.06,Noemi,Cafes,everyday
2025-08-17,14:37,MARKTHALLE BASEL //Zurich 11.08.25,6.20,Noemi,Groceries,everyday
2025-08-17,19:56,KRONENHALLE BASEL,256.92,Bruno,Dining,date_night
2025-08-18,06:49,EASYJET,314.33,Bruno,Travel,trip
2025-08-18,13:08,Pathe Spreitenbach DIETIKON NR.6877,22.22,Bruno,Entertainment,everyday
2025-08-18,18:58,MIGROS MM ZUERICH HB TRX 36760522 SUISSE,12.53,Ada,Groceries,everyday
2025-08-18,19:45,TIBITS 1559,34.18,Bruno,Dining,everyday
2025-08-19,09:52,Baeckerei Fischer 01.08.24,13.20,Ada,Groceries,everyday
2025-08-19,11:24,Optiker Koch,137.53,Ada,Health,everyday
2025-08-19,12:16,Ikea Dietlikon //BASEL,155.96,Bruno,Home,everyday
2025-08-19,12:37,IKEA DIETLIKON FIL.4504,94.79,Ada,Home,everyday
2025-08-19,14:13,CAFE BÄCKEREI ZEIT 19.02.24,8.86,Bruno,Cafes,date_night
2025-08-19,17:05,BLUMENGALERIE SEEFELD //LUZERN,25.28,Bruno,Gifts,trip
2025-08-19,18:45,TIBITS STORE1293 23.12.26,22.13,Bruno,Dining,everyday
2025-08-19,21:10,RESTAURANT BLAUE ENTE NR.1272,105.87,Noemi,Dining,everyday
2025-08-20,14:00,CAFE BÄCKEREI ZEIT,4.36,Ada,Cafes,everyday
2025-08-20,15:19,apotheke zur rose //ZUERICH OERLIKON,41.79,Noemi,Health,everyday
2025-08-21,12:54,apotheke zur rose ZUERICH WIEDIKON FIL.5888,30.01,Noemi,Health,everyday
2025-08-21,13:41,migros mm zuerich hb,23.59,Bruno,Groceries,date_night
2025-08-21,19:50,MIGROS MM ZUERICH HB USTER,47.22,Noemi,Groceries,everyday
2025-08-22,08:50,MIGROLINO,11.86,Ada,Groceries,everyday
2025-08-22,10:14,VICAFE LUZERN,5.58,Ada,Cafes,everyday
2025-08-22,13:48,DEPOT ZUERICH NO. 58333318 SCHWEIZ,77.48,Noemi,Home,everyday
2025-08-22,13:58,KINO ARENA 17.10.26,38.80,Noemi,Entertainment,everyday
2025-08-22,16:04,coop bau hobby //BASEL,177.67,Bruno,Home,everyday
2025-08-22,16:44,BOHEMIA CAFE ST GALLEN,10.18,Noemi,Cafes,everyday
2025-08-22,18:37,DENNER WINTERTHUR,13.47,Bruno,Groceries,everyday
2025-08-23,08:45,TAXI ZUERICH ZUERICH,226.38,Noemi,Transport,everyday
2025-08-23,14:33,PFISTER MOEBEL/BERN 8735,351.62,Ada,Home,everyday
2025-08-23,15:17,Coffee Stop/ST GALLEN 7918,4.57,Bruno,Cafes,everyday
2025-08-23,17:21,SBB CFF FFS,17.15,Bruno,Transport,everyday
2025-08-23,19:49,Pizzeria Da Michele,48.50,Ada,Dining,date_night
2025-08-23,21:16,RESTAURANT BLAUE ENTE/Dietikon,104.97,Bruno,Dining,date_night
2025-08-24,10:18,Easyjet ZURICH,128.87,Bruno,Travel,trip
2025-08-25,21:36,HILTL 25.05.25,79.10,Ada,Dining,everyday
2025-08-26,10:20,Cafeteria Eth/WALLISELLEN,5.23,Noemi,Cafes,everyday
2025-08-27,09:10,BOHEMIA CAFE 5638 TID 48613736,10.93,Noemi,Cafes,everyday
2025-08-27,12:05,OSTERIA DEL BORGO,90.02,Noemi,Dining,trip
2025-08-27,16:28,BLUMENGALERIE SEEFELD,53.12,Bruno,Gifts,gift
2025-08-27,16:41,LIDL SCHWEIZ DIETIKON,68.97,Bruno,Groceries,trip
2025-08-27,17:01,SBB CFF FFS //DIETIKON,14.14,Noemi,Transport,everyday
2025-08-27,18:58,LE DEZALEY ZUERICH WIEDIKON 9756,74.52,Ada,Dining,date_night
2025-08-28,07:31,black sheep Winterthur 4667,8.81,Bruno,Cafes,everyday
2025-08-28,08:26,CAFE CENTRAL,7.72,Noemi,Cafes,trip
2025-08-28,12:36,ZVV,3.46,Ada,Transport,trip
2025-08-28,12:49,OSTERIA DEL BORGO Mailand CARD*4694,51.04,Noemi,Dining,trip
2025-08-28,13:56,Jelmoli 28.05.25,74.56,Noemi,Gifts,gift
2025-08-28,14:52,AMAVITA APOTHEKE BERN CARD*4117,73.72,Ada,Health,everyday
2025-08-28,17:11,DENNER DIETIKON,12.76,Noemi,Groceries,everyday
2025-08-29,07:21,MOBILITY ZUERICH WIEDIKON,22.09,Bruno,Transport,date_night
2025-08-29,11:37,HILTL ZH,40.98,Bruno,Dining,everyday
2025-08-29,12:17,MEDBASE CARD*8532 SUISSE,70.57,Ada,Health,everyday
2025-08-29,12:48,COOP 7972,31.36,Bruno,Groceries,everyday
2025-08-29,14:46,Vicafe KLOTEN FIL.2728 CARD*6951,2.85,Ada,Cafes,everyday
2025-08-29,15:25,globus,119.64,Noemi,Gifts,gift
2025-08-29,17:11,DENNER KLOTEN,18.04,Noemi,Groceries,everyday
2025-08-29,19:09,BISTRO LE PETIT/Mailand CH,21.42,Noemi,Dining,trip
2025-08-29,20:34,PIZZERIA DA MICHELE,37.24,Ada,Dining,date_night
2025-08-29,22:09,TECHNORAMA ST GALLEN 16.12.26,26.77,Noemi,Entertainment,everyday
2025-08-30,10:44,Bäckerei Hug 03.02.25,13.20,Ada,Groceries,everyday
2025-08-30,10:47,BLUMENGALERIE SEEFELD SCHLIEREN CH,49.99,Bruno,Gifts,gift
2025-08-30,11:45,BISTRO LE PETIT/MAILAND 16.04.26,83.21,Ada,Dining,trip
2025-08-30,18:19,COOP WINTERTHUR FIL.5195,53.59,Bruno,Groceries,everyday
2025-08-30,18:25,MIGROS ZURICH,28.59,Noemi,Groceries,everyday
2025-08-31,12:02,HILTL/ZUERICH OERLIKON CARD*4585,49.55,Ada,Dining,everyday
2025-08-31,16:04,COOP,27.53,Noemi,Groceries,everyday
2025-08-31,18:41,OPERNHAUS ZUERICH 14.08.26 SCHWEIZ,154.67,Noemi,Entertainment,trip
2025-08-31,19:26,Museu Nacional,30.50,Ada,Entertainment,trip
2025-08-31,20:23,BINDELLA RISTORANTE 17.07.24,63.84,Ada,Dining,date_night
2025-09-01,04:53,SPOTIFY,13.03,Bruno,Subscriptions,everyday
2025-09-01,18:29,ALNATURA ZUERICH ZH NR.1837 12.09.24,30.37,Bruno,Groceries,everyday
2025-09-02,07:58,UBER TRIP //SCHLIEREN,9.03,Ada,Transport,trip
2025-09-02,11:39,Interflora/KLOTEN,121.70,Ada,Gifts,gift
2025-09-02,14:40,OBI BAUMARKT,39.92,Bruno,Home,everyday
2025-09-03,08:14,COFFEE STOP KLOTEN,10.26,Bruno,Cafes,date_night
2025-09-03,10:11,CAFETERIA ETH/KLOTEN REF 47759336 SCHWEIZ,3.57,Bruno,Cafes,everyday
2025-09-03,16:35,BÄCKEREI HUG,6.46,Noemi,Groceries,date_night
2025-09-03,16:42,SBB CFF FFS ZUERICH WIEDIKON 7166,29.11,Noemi,Transport,everyday
2025-09-03,20:42,PIZZERIA DA MICHELE/KLOTEN 6055 NO. 91096706,31.50,Noemi,Dining,everyday
2025-09-04,03:50,NZZ ABO 9399,39.15,Noemi,Subscriptions,everyday
2025-09-04,05:33,DISNEY PLUS,16.15,Noemi,Subscriptions,gift
2025-09-04,07:05,Vicafe 6237 SUISSE,6.15,Ada,Cafes,everyday
2025-09-04,08:40,Coffee Stop DIETIKON 5331,3.60,Noemi,Cafes,date_night
2025-09-04,10:15,COOP 8564,15.87,Noemi,Groceries,everyday
2025-09-04,10:19,MOEVENPICK CAFE/ZUERICH WIEDIKON 6156 SCHWEIZ,8.74,Bruno,Cafes,everyday
2025-09-04,10:56,MIGROS //ZURICH KD.NR 2172445 CARD*6515 CH,29.80,Ada,Groceries,trip
2025-09-04,13:13,CHRIST UHREN SCHMUCK,510.00,Bruno,Gifts,gift
2025-09-04,13:46,MEDBASE CARD*7381,74.22,Noemi,Health,everyday
2025-09-04,14:19,globus STORE119 09.05.25 TID 84945260,50.41,Noemi,Gifts,gift
2025-09-04,16:35,VOLG,18.56,Noemi,Groceries,everyday
2025-09-04,18:54,BP TANKSTELLE 3792,44.64,Ada,Transport,everyday
2025-09-04,19:26,MIGROS WINTERTHUR NR.8572,25.11,Noemi,Groceries,everyday
2025-09-04,19:30,HALLENSTADION //BASEL,158.72,Bruno,Entertainment,date_night
2025-09-04,20:41,KINO RIFFRAFF STORE9401,20.90,Noemi,Entertainment,everyday
2025-09-05,07:17,SBB CFF FFS,23.50,Noemi,Transport,everyday
2025-09-05,11:29,MIGROS NR.4857,28.10,Noemi,Groceries,everyday
2025-09-05,13:21,RESTAURANT BLAUE ENTE,94.12,Ada,Dining,everyday
2025-09-05,17:18,Dr Med Huber Praxis/BASEL STORE1307,148.29,Ada,Health,everyday
2025-09-05,21:00,restaurant santa lucia REF 79308107,74.37,Bruno,Dining,date_night
2025-09-06,04:47,FITNESSPARK ABO,88.92,Noemi,Subscriptions,everyday
2025-09-06,04:48,ICLOUD 980 CARD*2937,2.94,Bruno,Subscriptions,everyday
2025-09-06,08:14,SBB CFF FFS USTER NR.3190,7.01,Noemi,Transport,everyday
2025-09-06,12:05,Restaurant Santa Lucia ST GALLEN,64.16,Bruno,Dining,everyday
2025-09-06,13:28,HORNBACH,56.42,Ada,Home,everyday
2025-09-06,15:43,hornbach Bern FIL.2686,75.54,Bruno,Home,everyday
2025-09-06,18:56,globus 9339,49.43,Noemi,Gifts,gift
2025-09-06,20:00,booking.com NO. 40059439,222.90,Noemi,Travel,trip
2025-09-07,19:15,SCHAUSPIELHAUS,89.20,Bruno,Entertainment,date_night
2025-09-07,19:37,hiltl,32.14,Bruno,Dining,everyday
2025-09-08,05:55,SWISSCOM,80.26,Noemi,Subscriptions,everyday
2025-09-08,08:07,sbb cff ffs/WALLISELLEN,31.16,Noemi,Transport,everyday
2025-09-08,10:53,ALDI SUISSE 11.03.25,21.85,Bruno,Groceries,everyday
2025-09-08,12:12,RESTAURANT SANTA LUCIA //Basel,36.55,Noemi,Dining,everyday
2025-09-08,15:38,GLOBUS ST GALLEN NR.8970 04.10.26,65.81,Noemi,Gifts,gift
2025-09-08,18:26,HILTL,47.60,Bruno,Dining,everyday
2025-09-09,03:05,SALT MOBILE KD.NR 68421280 CARD*9892,49.46,Ada,Subscriptions,everyday
2025-09-09,10:07,BLACK SHEEP DIETIKON,6.73,Ada,Cafes,everyday
2025-09-09,16:23,MICASA STORE6484 22.04.26 CARD*9102,117.45,Noemi,Home,everyday
2025-09-10,03:17,NETFLIX,19.75,Ada,Subscriptions,everyday
2025-09-10,19:02,MIGROS ZUERICH WIEDIKON 19.10.24,25.53,Ada,Groceries,everyday
2025-09-11,05:46,SERAFE,113.53,Ada,Subscriptions,everyday
2025-09-11,17:24,Coop Pronto Zurich 06.03.24 TID 21561735,5.36,Bruno,Groceries,everyday
2025-09-11,19:46,Uber Trip,10.65,Bruno,Transport,everyday
2025-09-12,08:00,CAFE BÄCKEREI ZEIT,8.71,Noemi,Cafes,everyday
2025-09-12,08:05,ZVV,4.69,Ada,Transport,date_night
2025-09-12,09:51,VICAFE //WALLISELLEN,5.12,Bruno,Cafes,everyday
2025-09-12,11:21,SWISS INTERNATIONAL AIR LINES NR.2740,577.55,Ada,Travel,trip
2025-09-12,16:55,MIGROS MM ZUERICH HB ZURICH CARD*4551,9.29,Ada,Groceries,everyday
2025-09-12,18:33,restaurant linde,31.10,Noemi,Dining,date_night
2025-09-12,20:40,SUSHI ZEN ZUERICH WIEDIKON 385 24.09.25,28.80,Noemi,Dining,everyday
2025-09-13,05:35,SUNRISE 643 25.03.24,58.78,Bruno,Subscriptions,everyday
2025-09-13,11:31,Migros Mm Zuerich Hb Bern,43.61,Noemi,Groceries,everyday
2025-09-13,15:19,Bohemia Cafe NO. 17893460,14.80,Noemi,Cafes,everyday
2025-09-13,19:13,RESTAURANT SANTA LUCIA 1067,59.54,Bruno,Dining,date_night
2025-09-13,19:22,SCHAUSPIELHAUS //ZURICH 02.07.25,71.12,Noemi,Entertainment,date_night
2025-09-13,19:53,KRONENHALLE/Zürich 09.09.25,135.15,Noemi,Dining,date_night
2025-09-13,20:34,Hiltl/Zuerich Wiedikon,37.41,Bruno,Dining,everyday
2025-09-14,13:29,ZVV TID 19740275,1.72,Bruno,Transport,everyday
2025-09-14,17:50,SWISS INTERNATIONAL AIR LINES TID 97463006,213.68,Noemi,Travel,trip
2025-09-14,18:43,Kronenhalle TRX 82225627 CARD*9514,225.19,Ada,Dining,date_night
2025-09-14,21:30,KRONENHALLE,263.56,Bruno,Dining,date_night
2025-09-15,07:28,PARKHAUS HOHE PROMENADE ZÜRICH CARD*8411,8.21,Bruno,Transport,everyday
2025-09-15,08:47,OPTIKER KOCH,115.41,Bruno,Health,everyday
2025-09-15,11:30,Brasserie Lipp Zuerich ST GALLEN,93.05,Ada,Dining,everyday
2025-09-15,12:11,Pizzeria Da Michele USTER,74.86,Ada,Dining,everyday
2025-09-15,14:24,STARBUCKS //ZÜRICH 5983,7.89,Ada,Cafes,everyday
2025-09-15,16:02,ZVV,9.30,Noemi,Transport,everyday
2025-09-15,16:11,MIGROLINO TRX 64096768,7.74,Noemi,Groceries,everyday
2025-09-15,16:21,BOOKING.COM/WALLISELLEN,216.54,Bruno,Travel,trip
2025-09-15,19:53,SUSHI ZEN //ZURICH 803,73.67,Bruno,Dining,date_night
2025-09-16,16:27,ALDI SUISSE SCHWEIZ,76.49,Noemi,Groceries,everyday
2025-09-16,17:56,VICAFE,4.30,Bruno,Cafes,everyday
2025-09-16,19:08,KRONENHALLE //DIETIKON STORE8658 REF 50751478,142.62,Noemi,Dining,date_night
2025-09-16,19:59,PATHE SPREITENBACH //BERN TID 41369123,43.22,Noemi,Entertainment,date_night
2025-09-16,21:36,KRONENHALLE USTER,173.90,Ada,Dining,date_night
2025-09-17,13:04,JUMBO/KLOTEN 6157,55.22,Bruno,Home,everyday
2025-09-17,16:35,SBB CFF FFS KD.NR 8761626 CARD*7062,21.63,Noemi,Transport,everyday
2025-09-17,18:46,KINO RIFFRAFF,19.40,Noemi,Entertainment,everyday
2025-09-17,19:37,KRONENHALLE,262.33,Noemi,Dining,date_night
2025-09-19,09:41,Migros 11.04.26 CARD*5681 CH,24.89,Ada,Groceries,everyday
2025-09-19,11:29,DEPOT ZUERICH FIL.3126,85.49,Bruno,Home,everyday
2025-09-19,13:11,RESTAURANT SANTA LUCIA ZUERICH OERLIKON NR.9873,27.57,Bruno,Dining,everyday
2025-09-19,16:05,Sbb Cff Ffs //WINTERTHUR,7.12,Ada,Transport,date_night
2025-09-19,18:19,JUMBO 6611,31.48,Ada,Home,everyday
2025-09-19,20:06,SWISS CHUCHI/Thalwil,60.03,Bruno,Dining,date_night
2025-09-19,20:48,LE DEZALEY,53.98,Noemi,Dining,date_night
2025-09-19,21:52,ZOO ZUERICH REF 65347035,20.18,Ada,Entertainment,everyday
2025-09-20,10:19,Coop Bau Hobby STORE8546,24.11,Noemi,Home,gift
2025-09-20,12:41,COOP PRONTO ST GALLEN,21.16,Bruno,Groceries,trip
2025-09-20,16:27,ALDI SUISSE/Zurich,29.22,Ada,Groceries,everyday
2025-09-22,19:42,Restaurant Linde Uster 23.04.26,107.54,Noemi,Dining,date_night
2025-09-23,19:00,ZEUGHAUSKELLER Schlieren STORE1503 22.06.24,70.47,Noemi,Dining,date_night
2025-09-24,07:58,POSTAUTO 8608,4.26,Bruno,Transport,everyday
2025-09-24,14:09,GLOBUS 8362,276.41,Bruno,Gifts,gift
2025-09-25,17:04,Parkhaus Hohe Promenade,11.33,Ada,Transport,everyday
2025-09-25,17:26,INTERFLORA/WALLISELLEN NR.5935,82.74,Noemi,Gifts,gift
2025-09-26,16:36,SBB CFF FFS St Gallen,16.78,Bruno,Transport,everyday
2025-09-26,17:34,DENNER ZUERICH CARD*6997,11.05,Noemi,Groceries,everyday
2025-09-27,10:29,Denner ST GALLEN,40.12,Noemi,Groceries,everyday
2025-09-27,14:05,TECHNORAMA //Zuerich Oerlikon,27.20,Noemi,Entertainment,everyday
2025-09-27,15:40,GLOBUS NR.956 NO. 1757737,125.60,Bruno,Gifts,gift
2025-09-27,17:19,ZVV,7.62,Bruno,Transport,everyday
2025-09-27,19:09,Tibits,37.38,Ada,Dining,everyday
2025-09-28,14:32,BLACK SHEEP/ZUERICH OERLIKON REF 812293,6.93,Bruno,Cafes,everyday
2025-09-29,08:37,MIGROS MM ZUERICH HB 7598,18.93,Ada,Groceries,everyday
2025-09-29,12:18,KRONENHALLE 1251,230.68,Noemi,Dining,everyday
2025-09-29,14:14,Vbz Ticket,1.65,Bruno,Transport,everyday
2025-09-29,14:19,Coop DIETIKON,38.39,Noemi,Groceries,everyday
2025-09-30,14:23,MIGROS MM ZUERICH HB/WALLISELLEN 3184,48.90,Noemi,Groceries,everyday
2025-09-30,17:09,ALDI SUISSE ZURICH CH,32.64,Ada,Groceries,everyday
2025-10-01,04:28,SPOTIFY 9723 06.03.26 CARD*8893,12.89,Noemi,Subscriptions,everyday
2025-10-01,07:00,SHELL AUTOBAHN CH,40.66,Ada,Transport,everyday
2025-10-01,11:03,MIGROS MM ZUERICH HB STORE5463 NO. 49008714,7.17,Ada,Groceries,everyday
2025-10-01,13:14,Sushi Zen ZURICH,51.41,Bruno,Dining,everyday
2025-10-01,16:30,FLIXBUS THALWIL STORE4904,63.82,Bruno,Travel,trip
2025-10-01,18:27,MCDONALDS Uster FIL.2351,19.86,Bruno,Dining,everyday
2025-10-02,10:06,DR MED HUBER PRAXIS,78.16,Ada,Health,everyday
2025-10-02,10:20,Baeckerei Fischer //ST GALLEN,10.11,Noemi,Groceries,everyday
2025-10-02,13:58,MIGROS MM ZUERICH HB NO. 63310750,12.54,Noemi,Groceries,everyday
2025-10-02,16:19,IKEA DIETLIKON 24.01.26,99.88,Ada,Home,everyday
2025-10-02,16:39,IKEA DIETLIKON NO. 40020962,110.22,Noemi,Home,everyday
2025-10-02,18:06,starbucks/Schlieren,7.91,Ada,Cafes,everyday
2025-10-03,08:35,MIGROS,26.39,Noemi,Groceries,gift
2025-10-04,05:02,NZZ ABO,38.87,Noemi,Subscriptions,everyday
2025-10-04,05:45,DISNEY PLUS STORE8364 TID 64847176,15.74,Bruno,Subscriptions,everyday
2025-10-04,09:30,Coop WINTERTHUR,8.36,Ada,Groceries,everyday
2025-10-04,14:18,ORELL FUESSLI ST GALLEN 4966,72.22,Ada,Gifts,gift
2025-10-04,14:43,CHRIST UHREN SCHMUCK/ZUERICH WIEDIKON 379,276.33,Ada,Gifts,gift
2025-10-04,17:37,Lidl Schweiz LUZERN,22.37,Noemi,Groceries,everyday
2025-10-04,18:14,ALNATURA ZUERICH ZÜRICH,42.03,Ada,Groceries,everyday
2025-10-04,19:18,MIGROLINO ST GALLEN TID 66617262,10.64,Bruno,Groceries,everyday
2025-10-04,22:12,BOWLING CENTER HEUERIED //WALLISELLEN,34.22,Bruno,Entertainment,everyday
2025-10-05,21:19,TIBITS STORE7109,33.21,Ada,Dining,everyday
2025-10-05,21:28,MCDONALDS ZUERICH,15.05,Noemi,Dining,everyday
2025-10-06,05:05,FITNESSPARK ABO 9939 CARD*4658,88.12,Ada,Subscriptions,everyday
2025-10-06,05:18,ICLOUD REF 56343625,2.95,Ada,Subscriptions,everyday
2025-10-06,10:32,INTERFLORA STORE4417,119.06,Bruno,Gifts,trip
2025-10-06,11:09,AMAVITA APOTHEKE Basel,16.95,Noemi,Health,everyday
2025-10-06,16:33,LIDL SCHWEIZ STORE3089 REF 43167674,24.49,Noemi,Groceries,everyday
2025-10-07,13:27,Christ Uhren Schmuck 18.03.25,325.43,Bruno,Gifts,gift
2025-10-07,16:32,GLOBUS 3459 REF 99992233 CARD*3427,92.11,Noemi,Gifts,gift
2025-10-07,19:32,EASYJET TRX 75765874,147.94,Bruno,Travel,trip
2025-10-08,03:44,swisscom 08.01.25,80.44,Ada,Subscriptions,everyday
2025-10-08,14:00,BAECKEREI FISCHER 6176,12.15,Noemi,Groceries,everyday
2025-10-08,18:28,VOLG SUISSE,12.44,Ada,Groceries,everyday
2025-10-08,18:41,MIGROS MM ZUERICH HB 8127 05.01.26,13.00,Bruno,Groceries,date_night
2025-10-08,18:53,MIGROLINO,31.58,Ada,Groceries,everyday
2025-10-08,21:40,TAXI ZUERICH THALWIL,38.59,Ada,Transport,everyday
2025-10-09,02:56,salt mobile SUISSE,50.61,Noemi,Subscriptions,everyday
2025-10-09,09:02,vicafe,5.71,Noemi,Cafes,everyday
2025-10-09,09:10,MIGROS //DIETIKON,38.46,Ada,Groceries,everyday
2025-10-09,16:18,BLUMENGALERIE SEEFELD FIL.2209 TRX 47487995,54.20,Ada,Gifts,gift
2025-10-10,05:19,NETFLIX 10.05.25 CARD*6615,20.20,Noemi,Subscriptions,everyday
2025-10-10,08:50,Uber Trip //Winterthur FIL.2131 CARD*5580,29.72,Noemi,Transport,everyday
2025-10-10,18:26,TIBITS 259,23.30,Noemi,Dining,everyday
2025-10-10,20:10,swiss travel,92.44,Ada,Travel,trip
2025-10-10,20:24,PIZZERIA DA MICHELE USTER,33.19,Bruno,Dining,date_night
2025-10-11,05:48,SERAFE STORE2904 17.09.25,110.56,Bruno,Subscriptions,everyday
2025-10-12,06:49,BOLT RIDE USTER,36.49,Noemi,Transport,everyday
2025-10-12,08:23,STARBUCKS //Winterthur 3054,10.42,Noemi,Cafes,everyday
2025-10-12,13:17,COOP Zuerich 9544,10.97,Bruno,Groceries,everyday
2025-10-12,18:39,KINO ARENA,21.06,Noemi,Entertainment,date_night
2025-10-13,04:50,SUNRISE,59.44,Noemi,Subscriptions,everyday
2025-10-13,07:40,CAFETERIA ETH/BASEL,4.32,Ada,Cafes,everyday
2025-10-13,12:14,CHRIST UHREN SCHMUCK Bern,265.42,Ada,Gifts,gift
2025-10-13,18:58,RESTAURANT BLAUE ENTE KD.NR 25139594,73.02,Noemi,Dining,date_night
2025-10-13,19:16,swiss chuchi,48.20,Bruno,Dining,date_night
2025-10-14,14:54,SOCAR TANKSTELLE BASEL FIL.2026,95.04,Bruno,Transport,everyday
2025-10-14,19:40,BÄCKEREI HUG,12.81,Bruno,Groceries,everyday
2025-10-15,11:02,COOP/THALWIL,40.08,Ada,Groceries,everyday
2025-10-15,13:52,LANDI LUZERN NR.8678,40.58,Ada,Home,everyday
2025-10-15,14:56,MEDBASE WALLISELLEN,58.73,Noemi,Health,everyday
2025-10-15,16:02,blumengalerie seefeld/ZH 5969,45.01,Ada,Gifts,gift
2025-10-15,19:34,HOTEL ADLER 26.02.25,358.40,Noemi,Travel,trip
2025-10-16,06:31,UBER TRIP,20.38,Ada,Transport,everyday
2025-10-16,18:21,ALNATURA ZUERICH,66.62,Noemi,Groceries,everyday
2025-10-16,21:21,KAUFLEUTEN BERN CARD*3220,17.27,Bruno,Entertainment,everyday
2025-10-17,11:30,Baeckerei Fischer Schlieren TRX 31951308,10.65,Noemi,Groceries,everyday
2025-10-17,12:30,RESTAURANT ZUM GRUENEN GLAS 12.09.24,112.68,Bruno,Dining,everyday
2025-10-17,13:09,RESTAURANT BLAUE ENTE SCHLIEREN,57.01,Noemi,Dining,everyday
2025-10-17,17:15,MIGROS,9.10,Bruno,Groceries,everyday
2025-10-17,19:00,booking.com ZUERICH OERLIKON NO. 54917310,278.37,Ada,Travel,trip
2025-10-17,19:47,restaurant zum gruenen glas,49.15,Noemi,Dining,date_night
2025-10-18,09:51,COOP BAU HOBBY ZUERICH OERLIKON 3231,9.91,Noemi,Home,everyday
2025-10-18,13:55,HORNBACH 24.11.24 NO. 75855567,81.41,Noemi,Home,everyday
2025-10-18,15:27,DEPOT ZUERICH,68.71,Ada,Home,everyday
2025-10-18,17:36,MICASA NR.9231,42.92,Ada,Home,everyday
2025-10-18,18:17,BRASSERIE LIPP ZUERICH Zuerich Wiedikon 13.05.26,86.25,Bruno,Dining,date_night
2025-10-18,21:14,KINO ARENA LUZERN,25.09,Noemi,Entertainment,date_night
2025-10-19,07:19,Black Sheep DIETIKON,3.76,Ada,Cafes,trip
2025-10-20,08:12,COFFEE STOP,6.81,Ada,Cafes,everyday
2025-10-20,18:51,PIZZERIA DA MICHELE THALWIL,37.07,Ada,Dining,everyday
2025-10-21,11:43,GESCHENKIDEE CH NR.9703 REF 48795487,203.90,Bruno,Gifts,gift
2025-10-21,14:10,METZGEREI ANGST KLOTEN TID 31744953,31.61,Noemi,Groceries,everyday
2025-10-21,14:53,PHYSIOTHERAPIE SEEFELD USTER,264.88,Noemi,Health,everyday
2025-10-21,17:32,Denner LUZERN,16.02,Ada,Groceries,everyday
2025-10-22,13:36,ORELL FUESSLI,44.94,Noemi,Gifts,gift
2025-10-22,18:12,MIGROS BERN,42.41,Noemi,Groceries,everyday
2025-10-22,19:03,SBB CFF FFS,21.63,Noemi,Transport,trip
2025-10-22,19:59,BAECKEREI FISCHER/Bern,8.43,Ada,Groceries,everyday
2025-10-23,07:48,ZVV 10.03.26,2.08,Noemi,Transport,everyday
2025-10-23,08:44,Cafe Spruengli,39.98,Noemi,Cafes,everyday
2025-10-23,11:58,Restaurant Linde,78.55,Noemi,Dining,everyday
2025-10-23,18:29,RESTAURANT SANTA LUCIA,89.34,Noemi,Dining,date_night
2025-10-23,19:00,ZEUGHAUSKELLER 4344,104.11,Noemi,Dining,date_night
2025-10-23,21:42,HILTL Zuerich Wiedikon STORE142,35.21,Ada,Dining,everyday
2025-10-24,14:17,VICAFE,4.62,Ada,Cafes,everyday
2025-10-24,16:15,MIGROS NO. 60636146,67.19,Noemi,Groceries,everyday
2025-10-25,13:58,SWISS INTERNATIONAL AIR LINES BERN,139.19,Noemi,Travel,trip
2025-10-25,16:06,COOP,28.42,Noemi,Groceries,everyday
2025-10-25,19:58,RESTAURANT LINDE/ZÜRICH,70.79,Bruno,Dining,date_night
2025-10-26,18:58,Mobility 02.04.24,6.29,Bruno,Transport,everyday
2025-10-26,21:34,RESTAURANT LINDE WINTERTHUR 8379,145.17,Ada,Dining,date_night
2025-10-27,08:55,BLACK SHEEP STORE4267,6.50,Ada,Cafes,everyday
2025-10-27,13:04,Manor St Gallen,45.85,Noemi,Gifts,gift
2025-10-27,15:20,bäckerei hug SCHLIEREN,17.16,Bruno,Groceries,everyday
2025-10-27,16:22,ZOO ZUERICH 02.07.26 KD.NR 51018074,87.15,Noemi,Entertainment,everyday
2025-10-28,07:33,VICAFE Thalwil REF 70445970,5.87,Ada,Cafes,everyday
2025-10-28,11:29,lidl schweiz //Schlieren,11.78,Bruno,Groceries,everyday
2025-10-28,14:58,BOHEMIA CAFE,13.42,Bruno,Cafes,everyday
2025-10-28,20:05,KEBAB HOUSE,33.74,Bruno,Dining,everyday
2025-10-29,13:42,depot zuerich,348.37,Ada,Home,date_night
2025-10-29,18:50,BÄCKEREI HUG,8.69,Bruno,Groceries,everyday
2025-10-29,19:18,Pathe Spreitenbach ZUERICH WIEDIKON 7219 08.01.26 TRX 64748667,24.42,Noemi,Entertainment,everyday
2025-10-30,08:44,UBER TRIP WINTERTHUR 1380 08.11.26,23.22,Noemi,Transport,everyday
2025-10-30,08:51,Taxi Zuerich FIL.5232,82.05,Bruno,Transport,everyday
2025-10-30,12:29,PIZZERIA DA MICHELE,68.96,Ada,Dining,date_night
2025-10-30,17:34,Zvv ZUERICH OERLIKON NO. 85535910 CARD*9917,6.43,Bruno,Transport,everyday
2025-10-30,19:45,OPERNHAUS ZUERICH,107.37,Bruno,Entertainment,trip
2025-10-31,08:29,MIGROS MM ZUERICH HB WALLISELLEN,18.76,Ada,Groceries,everyday
2025-10-31,08:34,BOOKING.COM //ZURICH,159.44,Noemi,Travel,trip
2025-10-31,12:13,PHYSIOTHERAPIE SEEFELD 7373 TRX 46538011,156.56,Noemi,Health,everyday
2025-10-31,18:44,Alnatura Zuerich,39.44,Noemi,Groceries,everyday
2025-10-31,19:01,BURGER KING/BASEL,46.37,Bruno,Dining,date_night
2025-10-31,21:20,Pathe Spreitenbach ZURICH,16.55,Noemi,Entertainment,everyday
2025-11-01,04:55,spotify,12.96,Noemi,Subscriptions,everyday
2025-11-01,10:19,MIGROLINO SUISSE,18.91,Ada,Groceries,everyday
2025-11-01,16:12,MIGROS,66.20,Ada,Groceries,everyday
2025-11-01,18:37,KEBAB HOUSE TRX 5224905,20.47,Ada,Dining,everyday
2025-11-02,08:41,HOTEL BELLEVUE NR.8949,73.94,Bruno,Travel,trip
2025-11-02,14:30,PATHE SPREITENBACH,28.34,Noemi,Entertainment,everyday
2025-11-02,14:41,KINO ARENA STORE2066,23.44,Bruno,Entertainment,everyday
2025-11-02,20:00,NOOCH ASIAN KITCHEN,21.66,Bruno,Dining,everyday
2025-11-03,06:30,Sbb Cff Ffs,6.34,Ada,Transport,everyday
2025-11-03,07:39,MOEVENPICK CAFE 2463 07.06.24,7.35,Ada,Cafes,everyday
2025-11-03,08:25,BLACK SHEEP/SCHLIEREN 23.05.24,11.08,Bruno,Cafes,everyday
2025-11-03,17:49,IKEA DIETLIKON //Zuerich Wiedikon,215.03,Bruno,Home,everyday
2025-11-04,05:31,DISNEY PLUS CARD*6310,15.83,Noemi,Subscriptions,everyday
2025-11-04,05:33,NZZ ABO,38.06,Ada,Subscriptions,everyday
2025-11-04,09:05,VBZ TICKET,3.00,Noemi,Transport,everyday
2025-11-04,10:43,Taxi Zuerich CH,64.99,Ada,Transport,everyday
2025-11-04,13:29,BINDELLA RISTORANTE DIETIKON,128.54,Noemi,Dining,everyday
2025-11-04,18:50,JELMOLI //BASEL STORE7349 24.06.25 CARD*3785,109.87,Ada,Gifts,gift
2025-11-05,08:16,VOLG/ZH,22.50,Ada,Groceries,everyday
2025-11-05,10:52,JELMOLI,305.08,Noemi,Gifts,gift
2025-11-05,14:00,PFISTER MOEBEL,301.58,Noemi,Home,everyday
2025-11-05,20:49,Zeughauskeller 6422,59.17,Bruno,Dining,date_night
2025-11-06,04:42,FITNESSPARK ABO,88.28,Bruno,Subscriptions,everyday
2025-11-06,05:28,ICLOUD STORE2441 TID 76440875,2.98,Noemi,Subscriptions,everyday
2025-11-06,08:26,STARBUCKS ZH,7.34,Bruno,Cafes,everyday
2025-11-07,20:41,KINO ARENA/USTER,16.37,Noemi,Entertainment,everyday
2025-11-08,05:42,SWISSCOM REF 39778039,80.11,Noemi,Subscriptions,everyday
2025-11-08,13:18,Jelmoli 24.12.26,163.58,Bruno,Gifts,gift
2025-11-08,18:23,TIBITS //ZUERICH OERLIKON FIL.3047,27.16,Noemi,Dining,everyday
2025-11-08,20:37,KINO RIFFRAFF //DIETIKON NR.1777,24.94,Bruno,Entertainment,date_night
2025-11-09,03:40,Salt Mobile,49.41,Ada,Subscriptions,everyday
2025-11-10,05:49,Netflix STORE9000 01.07.26,19.83,Noemi,Subscriptions,everyday
2025-11-10,08:43,CAFE SPRUENGLI //KLOTEN 8295,9.87,Ada,Cafes,everyday
2025-11-10,11:22,METZGEREI ANGST,24.88,Ada,Groceries,everyday
2025-11-10,14:03,coop pronto 01.01.26,15.00,Noemi,Groceries,everyday
2025-11-11,02:17,Serafe,109.24,Bruno,Subscriptions,everyday
2025-11-11,15:37,GLOBUS/WINTERTHUR,129.77,Ada,Gifts,everyday
2025-11-11,16:23,DEPOT ZUERICH //ZÜRICH 28.03.26,32.49,Bruno,Home,everyday
2025-11-11,18:17,VICAFE TID 74739809,6.89,Noemi,Cafes,everyday
2025-11-12,12:32,DR MED HUBER PRAXIS 7733,118.68,Noemi,Health,everyday
2025-11-12,15:50,BLUME 3000,65.24,Noemi,Gifts,gift
2025-11-13,04:43,Sunrise,59.40,Ada,Subscriptions,everyday
2025-11-13,07:52,ZVV WINTERTHUR,3.30,Bruno,Transport,everyday
2025-11-13,11:30,BRASSERIE LIPP ZUERICH,82.75,Noemi,Dining,everyday
2025-11-13,15:30,MOBILITY ZUERICH OERLIKON NR.5705 04.04.24,22.58,Noemi,Transport,everyday
2025-11-13,15:38,COOP BAU HOBBY/ZUERICH,45.15,Ada,Home,everyday
2025-11-13,21:28,Bindella Ristorante Zuerich Oerlikon 3144,82.21,Noemi,Dining,date_night
2025-11-14,15:37,KINO RIFFRAFF FIL.7497 18.09.24,15.87,Bruno,Entertainment,everyday
2025-11-15,12:32,obi baumarkt Zuerich Wiedikon FIL.8997,38.81,Noemi,Home,everyday
2025-11-15,13:50,LANDI 1806,13.03,Noemi,Home,everyday
2025-11-15,20:20,Zeughauskeller,30.40,Ada,Dining,date_night
2025-11-17,09:03,Bohemia Cafe NO. 35215377,3.97,Bruno,Cafes,trip
2025-11-17,09:44,Shell Autobahn KLOTEN,66.64,Noemi,Transport,everyday
2025-11-17,16:20,BLACK SHEEP LUZERN,7.12,Ada,Cafes,everyday
2025-11-18,11:52,Vbz Ticket Kloten 1197,3.61,Noemi,Transport,everyday
2025-11-18,13:07,ZAHNARZT ZENTRUM OERLIKON,235.25,Bruno,Health,everyday
2025-11-18,13:10,COOP BAU HOBBY THALWIL,22.51,Ada,Home,everyday
2025-11-18,18:14,ORELL FUESSLI 03.03.26,48.86,Ada,Gifts,everyday
2025-11-19,16:31,Bp Tankstelle,38.45,Ada,Transport,everyday
2025-11-19,21:16,BOOKING.COM,285.41,Bruno,Travel,trip
2025-11-20,07:05,postauto 9518,7.59,Bruno,Transport,everyday
2025-11-20,08:12,AMAVITA APOTHEKE //KLOTEN NR.8676 22.06.26,43.69,Noemi,Health,everyday
2025-11-20,10:53,JUMBO FIL.555 04.09.25 SCHWEIZ,48.69,Bruno,Home,everyday
2025-11-20,12:47,Interflora ZUERICH WIEDIKON,41.02,Noemi,Gifts,gift
2025-11-20,13:43,JELMOLI 3009 20.03.26,375.19,Noemi,Gifts,gift
2025-11-20,18:20,BRASSERIE LIPP ZUERICH,274.73,Ada,Dining,date_night
2025-11-20,18:28,Tibits,27.20,Ada,Dining,date_night
2025-11-20,18:45,Coop 5416,36.84,Noemi,Groceries,everyday
2025-11-21,10:10,HOTEL BELLEVUE NR.895,73.08,Noemi,Travel,trip
2025-11-21,14:37,BLACK SHEEP WALLISELLEN 3652,4.69,Ada,Cafes,everyday
2025-11-21,16:53,Coop/Schlieren,76.14,Ada,Groceries,everyday
2025-11-21,19:32,TIBITS,29.14,Ada,Dining,everyday
2025-11-22,12:44,MIGROLINO,12.48,Noemi,Groceries,everyday
2025-11-22,13:39,OBI BAUMARKT STORE2449,41.43,Bruno,Home,everyday
2025-11-22,16:09,Globus,51.15,Noemi,Gifts,gift
2025-11-22,16:11,ZAHNARZT ZENTRUM OERLIKON KLOTEN,148.66,Ada,Health,everyday
2025-11-22,17:30,MANOR SCHLIEREN,97.16,Bruno,Gifts,gift
2025-11-22,19:12,lidl schweiz NR.1208 SUISSE,15.04,Ada,Groceries,everyday
2025-11-22,20:01,KRONENHALLE DIETIKON STORE6552,80.27,Ada,Dining,date_night
2025-11-22,21:21,PIZZERIA DA MICHELE DIETIKON CH,38.40,Noemi,Dining,everyday
2025-11-23,15:18,Coffee Stop //Winterthur,6.51,Noemi,Cafes,everyday
2025-11-23,18:00,PFISTER MOEBEL TRX 58980499,131.53,Bruno,Home,everyday
2025-11-24,06:53,FLIXBUS,27.59,Noemi,Travel,trip
2025-11-24,18:47,Pizzeria Da Michele SCHLIEREN,44.67,Ada,Dining,everyday
2025-11-24,21:27,ZOO ZUERICH SCHWEIZ,79.71,Noemi,Entertainment,everyday
2025-11-25,07:47,BOLT RIDE,14.19,Bruno,Transport,everyday
2025-11-25,16:51,BAECKEREI FISCHER,12.28,Ada,Groceries,everyday
2025-11-25,18:39,shell autobahn 6600,70.22,Ada,Transport,trip
2025-11-25,19:50,Kino Arena SCHLIEREN NR.7567,19.22,Noemi,Entertainment,everyday
2025-11-26,13:20,PFISTER MOEBEL SCHWEIZ,39.53,Bruno,Home,everyday
2025-11-27,07:16,AEROPORTO TAXI NR.5796,16.21,Bruno,Transport,everyday
2025-11-27,08:23,CAFE CENTRAL PORTO PT,13.30,Ada,Cafes,trip
2025-11-27,08:32,CAFE CENTRAL,9.31,Ada,Cafes,trip
2025-11-27,21:14,PATHE SPREITENBACH Zuerich,38.13,Bruno,Entertainment,everyday
2025-11-28,10:53,Medbase/ZÜRICH,79.11,Ada,Health,everyday
2025-11-28,14:20,KINO ARENA,17.69,Bruno,Entertainment,everyday
2025-11-28,18:09,APOTHEKE ZUR ROSE 09.12.25,26.01,Bruno,Health,everyday
2025-11-28,18:38,CHRIST UHREN SCHMUCK ST GALLEN,519.69,Ada,Gifts,everyday
2025-11-28,19:13,PATHE SPREITENBACH 24.11.24,50.52,Noemi,Entertainment,date_night
2025-11-28,19:27,Nooch Asian Kitchen,25.55,Ada,Dining,everyday
2025-11-28,20:30,BINDELLA RISTORANTE USTER STORE4969,65.04,Ada,Dining,date_night
2025-11-28,20:42,Kronenhalle,125.02,Ada,Dining,date_night
2025-11-28,20:52,BISTRO LE PETIT 02.11.26,39.96,Ada,Dining,trip
2025-11-28,21:03,HOTEL ADLER,180.25,Ada,Travel,trip
2025-11-28,21:18,Hiltl STORE9598,94.64,Ada,Dining,date_night
2025-11-29,06:09,Hotel Bellevue NR.1480 CARD*5843,221.35,Noemi,Travel,everyday
2025-11-29,14:54,Kaffeehaus Sperl,9.91,Bruno,Cafes,trip
2025-11-29,16:31,ZOO ZUERICH 12.08.25,45.68,Ada,Entertainment,everyday
2025-11-29,17:51,Apotheke Zur Rose,26.99,Bruno,Health,everyday
2025-11-29,18:14,Migrolino,9.44,Bruno,Groceries,everyday
2025-11-29,19:09,PIZZERIA DA MICHELE 18.12.25,47.47,Bruno,Dining,date_night
2025-11-29,19:29,SBB CFF FFS NR.986,30.67,Noemi,Transport,everyday
2025-11-29,19:53,COOP PRONTO,13.67,Bruno,Groceries,everyday
2025-11-29,20:34,MCDONALDS REF 50406040,9.10,Bruno,Dining,everyday
2025-11-30,07:23,SBB CFF FFS KD.NR 17858542,16.17,Bruno,Transport,everyday
2025-11-30,12:57,flixbus 3098 28.12.26,36.97,Bruno,Travel,trip
2025-11-30,13:40,TEATRO ROMANO PORTO PT FIL.829,24.99,Bruno,Entertainment,trip
2025-11-30,16:31,KAUFLEUTEN,41.28,Bruno,Entertainment,everyday
2025-11-30,19:35,ZOO ZUERICH BERN 25.08.26 REF 44678751,25.97,Noemi,Entertainment,everyday
2025-11-30,19:46,ZOO ZUERICH CH,66.07,Bruno,Entertainment,everyday
2025-11-30,21:16,TRATTORIA DA NINO CARD*3365,158.28,Noemi,Dining,trip
2025-12-01,04:44,SPOTIFY,12.97,Bruno,Subscriptions,trip
2025-12-01,07:13,BLACK SHEEP ZUERICH NR.7395,4.18,Noemi,Cafes,everyday
2025-12-01,08:08,RENFE VIAJEROS,50.31,Bruno,Transport,trip
2025-12-01,12:33,kronenhalle FIL.7650,146.32,Bruno,Dining,everyday
2025-12-01,17:07,MOEVENPICK CAFE //WALLISELLEN,17.25,Bruno,Cafes,everyday
2025-12-01,19:57,COOP //ZURICH SUISSE,50.55,Ada,Groceries,everyday
2025-12-01,20:57,MUSEU NACIONAL PORTO PT,37.31,Noemi,Entertainment,trip
2025-12-02,08:28,AEROPORTO TAXI REF 70281396,37.77,Ada,Transport,trip
2025-12-02,09:41,APOTHEKE ZUR ROSE DIETIKON,27.31,Bruno,Health,everyday
2025-12-02,11:56,BLUME 3000,141.75,Bruno,Gifts,gift
2025-12-02,15:53,INTERFLORA STORE1773,94.11,Ada,Gifts,gift
2025-12-02,16:57,CAFE DE FLORE PORTO PT 2604 CARD*6643,13.24,Noemi,Cafes,trip
2025-12-02,18:21,ZVV USTER STORE6674 19.07.26,2.75,Ada,Transport,everyday
2025-12-02,18:42,BRASSERIE GEORGES NR.7875,104.85,Ada,Dining,trip
2025-12-03,10:13,PFISTER MOEBEL //Zuerich,170.92,Bruno,Home,everyday
2025-12-03,10:17,hotel boavista //PORTO PT 15.06.26,146.49,Bruno,Travel,trip
2025-12-03,13:30,SOUVENIR SHOP,16.16,Bruno,Gifts,trip
2025-12-03,15:36,GUIDED CITY TOUR,61.78,Noemi,Entertainment,trip
2025-12-04,03:24,NZZ ABO NR.1141 14.08.24,38.72,Bruno,Subscriptions,everyday
2025-12-04,03:45,Disney Plus NR.4022 SCHWEIZ,16.05,Bruno,Subscriptions,everyday
2025-12-04,09:14,COFFEE STOP ZUERICH WIEDIKON 15.07.25 CH,8.86,Bruno,Cafes,everyday
2025-12-04,17:27,VBZ TICKET,2.76,Noemi,Transport,everyday
2025-12-04,18:39,Mobility BERN,44.11,Noemi,Transport,everyday
2025-12-05,10:26,COOP BAU HOBBY,63.20,Noemi,Home,everyday
2025-12-05,11:36,brasserie lipp zuerich STORE1280,145.27,Bruno,Dining,trip
2025-12-05,12:00,RESTAURANT SANTA LUCIA 22.03.24,35.91,Ada,Dining,everyday
2025-12-05,13:33,RESTAURANT ZUM GRUENEN GLAS //Zuerich NR.3854,86.67,Noemi,Dining,everyday
2025-12-05,14:36,JUMBO/SCHLIEREN 6125,70.34,Noemi,Home,everyday
2025-12-05,16:09,Taxi Zuerich,45.19,Bruno,Transport,everyday
2025-12-05,18:23,jelmoli,106.18,Bruno,Gifts,gift
2025-12-06,02:55,ICLOUD,2.90,Ada,Subscriptions,everyday
2025-12-06,03:02,FITNESSPARK ABO REF 64981384,88.53,Ada,Subscriptions,everyday
2025-12-06,07:30,PARKHAUS HOHE PROMENADE DIETIKON 5483,9.95,Ada,Transport,trip
2025-12-06,10:26,Starbucks CARD*8514 CH,6.73,Bruno,Cafes,gift
2025-12-06,10:42,JUMBO SCHWEIZ,42.18,Noemi,Home,everyday
2025-12-06,11:50,TIBITS,27.52,Bruno,Dining,everyday
2025-12-07,08:41,SOCAR TANKSTELLE St Gallen 25.05.24,42.07,Ada,Transport,everyday
2025-12-07,16:23,MICASA/Dietikon 13.05.24,35.63,Bruno,Home,everyday
2025-12-07,18:34,SCHAUSPIELHAUS,64.15,Ada,Entertainment,date_night
2025-12-08,02:17,Swisscom,80.27,Noemi,Subscriptions,everyday
2025-12-08,09:32,Cafe Spruengli,21.93,Noemi,Cafes,trip
2025-12-08,11:44,COOP 22.11.26,36.65,Noemi,Groceries,everyday
2025-12-08,13:32,VBZ TICKET SCHLIEREN,3.33,Noemi,Transport,everyday
2025-12-08,15:03,Vicafe ZH 1450,4.39,Bruno,Cafes,everyday
2025-12-08,16:19,COOP PRONTO USTER,16.90,Ada,Groceries,everyday
2025-12-08,17:53,BOLT RIDE TRX 92185723,22.41,Ada,Transport,everyday
2025-12-08,18:53,BURGER KING Wallisellen,28.39,Noemi,Dining,everyday
2025-12-09,05:17,SALT MOBILE,49.69,Noemi,Subscriptions,everyday
2025-12-09,07:29,Coffee Stop,6.72,Bruno,Cafes,everyday
2025-12-09,16:08,VOLG 24.03.26 CH,3.59,Ada,Groceries,everyday
2025-12-09,19:03,LE DEZALEY ZH 10.08.26 CARD*4461,58.41,Noemi,Dining,date_night
2025-12-10,03:30,NETFLIX,19.83,Noemi,Subscriptions,everyday
2025-12-10,10:30,JUMBO NR.464 TRX 48661128 CH,133.89,Bruno,Home,everyday
2025-12-10,17:22,jumbo CARD*8976,89.34,Ada,Home,trip
2025-12-10,18:22,COFFEE STOP,4.83,Noemi,Cafes,trip
2025-12-11,05:18,serafe,111.31,Ada,Subscriptions,everyday
2025-12-11,08:31,zvv DIETIKON,4.06,Ada,Transport,everyday
2025-12-11,11:05,MIGROS SCHLIEREN,13.61,Ada,Groceries,everyday
2025-12-11,19:38,SCHAUSPIELHAUS //ZURICH FIL.5128,63.15,Bruno,Entertainment,trip
2025-12-12,08:24,COFFEE STOP //USTER,6.93,Ada,Cafes,everyday
2025-12-12,10:30,Vbz Ticket,3.33,Bruno,Transport,everyday
2025-12-12,12:23,KEBAB HOUSE 21.12.24,16.40,Ada,Dining,trip
2025-12-12,17:03,hornbach,66.94,Ada,Home,everyday
2025-12-12,20:06,PATHE SPREITENBACH/Bern 06.06.26,60.85,Noemi,Entertainment,everyday
2025-12-12,20:08,PATHE SPREITENBACH,25.54,Bruno,Entertainment,date_night
2025-12-13,04:43,sunrise 3325,58.47,Ada,Subscriptions,everyday
2025-12-13,10:23,LANDI St Gallen,18.99,Bruno,Home,everyday
2025-12-13,13:41,CAFETERIA ETH 6210 REF 1761097,3.43,Ada,Cafes,everyday
2025-12-13,13:52,MIGROLINO //Bern FIL.2551,7.89,Noemi,Groceries,everyday
2025-12-13,16:42,Baeckerei Fischer,4.43,Bruno,Groceries,everyday
2025-12-13,19:56,Metzgerei Angst NR.7477 TID 90913906,40.05,Noemi,Groceries,trip
2025-12-13,20:31,KAUFLEUTEN,20.62,Ada,Entertainment,date_night
2025-12-14,19:22,hiltl 05.07.25,86.68,Ada,Dining,everyday
2025-12-15,16:44,Orell Fuessli USTER STORE277,41.54,Bruno,Gifts,everyday
2025-12-15,17:45,MANOR/DIETIKON,53.33,Bruno,Gifts,gift
2025-12-16,14:22,COOP BAU HOBBY,35.66,Noemi,Home,everyday
2025-12-16,15:08,Cafeteria Eth/BASEL 6809,4.30,Bruno,Cafes,everyday
2025-12-17,08:45,sbb cff ffs/KLOTEN,13.48,Ada,Transport,trip
2025-12-17,13:05,STARBUCKS BERN,6.02,Ada,Cafes,everyday
2025-12-17,14:09,CAFE SPRUENGLI 6179,13.11,Ada,Cafes,gift
2025-12-17,18:23,SWISS CHUCHI Basel REF 18174631,37.67,Bruno,Dining,everyday
2025-12-17,19:51,KINO ARENA //BASEL,21.95,Ada,Entertainment,everyday
2025-12-18,11:49,MIGROS MM ZUERICH HB //ZUERICH WIEDIKON 8324,13.11,Bruno,Groceries,everyday
2025-12-18,21:24,SWISS CHUCHI,83.05,Noemi,Dining,date_night
2025-12-18,21:31,BURGER KING,20.98,Noemi,Dining,everyday
2025-12-19,06:30,SOCAR TANKSTELLE ZURICH,136.84,Noemi,Transport,everyday
2025-12-19,09:09,APOTHEKE ZUR ROSE 9933 NO. 52106756,54.36,Ada,Health,everyday
2025-12-19,13:42,RESTAURANT SANTA LUCIA 08.02.24,78.85,Ada,Dining,everyday
2025-12-19,14:20,spar express/Luzern 21.01.24,17.38,Ada,Groceries,trip
2025-12-20,06:17,HOTEL BELLEVUE,182.37,Noemi,Travel,trip
2025-12-20,08:27,FLIXBUS BERN,51.27,Ada,Travel,trip
2025-12-20,10:31,VOLG STORE1949,18.65,Noemi,Groceries,everyday
2025-12-20,11:38,KRONENHALLE,244.17,Ada,Dining,trip
2025-12-20,12:42,NOOCH ASIAN KITCHEN //ZH,25.20,Ada,Dining,everyday
2025-12-20,14:48,MIGROS/ZUERICH 25.12.26 REF 22027074,59.40,Ada,Groceries,everyday
2025-12-20,17:02,COOP/DIETIKON NR.5520,20.23,Noemi,Groceries,everyday
2025-12-20,17:14,OBI BAUMARKT,39.64,Ada,Home,everyday
2025-12-20,18:30,MIGROS,26.14,Bruno,Groceries,everyday
2025-12-21,12:41,HOTEL SCHWEIZERHOF 6253,195.07,Ada,Travel,everyday
2025-12-21,14:15,BOWLING CENTER HEUERIED,13.26,Noemi,Entertainment,everyday
2025-12-22,17:57,ZVV //ZUERICH WIEDIKON 1730,7.69,Noemi,Transport,everyday
2025-12-22,18:05,MIGROS,27.91,Ada,Groceries,everyday
2025-12-23,12:49,GESCHENKIDEE CH BASEL,41.44,Ada,Gifts,gift
2025-12-23,17:42,DENNER 4046,13.40,Noemi,Groceries,everyday
2025-12-23,19:50,SWISS TRAVEL/ZÜRICH,112.90,Bruno,Travel,trip
2025-12-24,08:16,MIGROS,21.83,Ada,Groceries,everyday
2025-12-24,14:50,SPAR EXPRESS //THALWIL KD.NR 90939586,46.44,Noemi,Groceries,everyday
2025-12-24,18:35,MCDONALDS NR.5080,12.12,Noemi,Dining,everyday
2025-12-24,18:35,SBB RAILAWAY ST GALLEN 18.03.26,112.31,Ada,Travel,trip
2025-12-24,18:55,MCDONALDS //THALWIL,10.41,Bruno,Dining,everyday
2025-12-24,19:51,ALDI SUISSE //St Gallen REF 88103017,45.77,Bruno,Groceries,everyday
2025-12-24,20:35,BINDELLA RISTORANTE SUISSE,71.99,Ada,Dining,date_night
2025-12-24,21:14,SCHAUSPIELHAUS/ZH CARD*2892,41.52,Noemi,Entertainment,date_night
2025-12-25,09:24,APOTHEKE ZUR ROSE TID 74952292,26.68,Ada,Health,everyday
2025-12-25,09:35,VICAFE //THALWIL,6.84,Ada,Cafes,everyday
2025-12-25,18:18,HILTL BASEL,39.25,Noemi,Dining,everyday
2025-12-25,19:15,KEBAB HOUSE ZUERICH SCHWEIZ,27.42,Bruno,Dining,everyday
2025-12-25,19:15,bistro le petit/BARCELONA 15.11.24,86.41,Ada,Dining,trip
2025-12-25,19:16,Restaurant Blaue Ente 2770,147.95,Bruno,Dining,everyday
2025-12-25,20:57,OCEANARIO BARCELONA FIL.7679 CH,42.36,Noemi,Entertainment,trip
2025-12-26,08:00,MOBILITY CARD*1268,28.51,Bruno,Transport,everyday
2025-12-26,08:12,CAFE DE FLORE //BARCELONA,12.11,Noemi,Cafes,trip
2025-12-26,08:38,BÄCKEREI HUG/ST GALLEN NR.238,8.75,Noemi,Groceries,everyday
2025-12-26,10:09,Christ Uhren Schmuck,198.66,Ada,Gifts,gift
2025-12-26,12:07,RESTAURANT ZUM GRUENEN GLAS //LUZERN,114.31,Bruno,Dining,everyday
2025-12-26,14:33,SOUVENIR SHOP BARCELONA STORE1526,25.24,Ada,Gifts,trip
2025-12-26,15:55,manor 11.03.25,67.30,Ada,Gifts,gift
2025-12-26,16:42,SPAR EXPRESS/ZÜRICH,23.60,Ada,Groceries,everyday
2025-12-26,18:06,UBER TRIP,20.93,Ada,Transport,everyday
2025-12-26,19:37,ZEUGHAUSKELLER,73.87,Ada,Dining,date_night
2025-12-27,12:07,SOCAR TANKSTELLE Uster,108.34,Noemi,Transport,everyday
2025-12-27,18:04,TRENITALIA/BARCELONA,45.44,Ada,Transport,trip
2025-12-27,18:31,HILTL FIL.303 TRX 80494352,41.69,Noemi,Dining,everyday
2025-12-27,19:11,Coop/ZURICH SUISSE,40.17,Noemi,Groceries,everyday
2025-12-27,20:12,Restaurant Blaue Ente WINTERTHUR,132.10,Bruno,Dining,date_night
2025-12-27,20:13,RESTAURANT LINDE/WINTERTHUR STORE3633,87.67,Ada,Dining,date_night
2025-12-28,12:06,BRASSERIE GEORGES //BARCELONA,70.35,Ada,Dining,trip
2025-12-28,13:30,PENSION MARIA/Barcelona TRX 76259316,117.71,Bruno,Travel,trip
2025-12-28,14:17,GRAND CAFE ODEON NR.4344,26.70,Noemi,Cafes,everyday
2025-12-28,16:53,METRO TICKET 17.01.24,4.72,Noemi,Transport,trip
2025-12-28,18:31,booking.com,249.08,Noemi,Travel,trip
2025-12-29,07:15,BOHEMIA CAFE,15.77,Bruno,Cafes,everyday
2025-12-29,07:19,STARBUCKS Wallisellen,5.45,Noemi,Cafes,everyday
2025-12-29,08:05,VBZ TICKET,2.90,Noemi,Transport,everyday
2025-12-29,09:23,CAFE DE FLORE,16.77,Noemi,Cafes,trip
2025-12-29,10:58,COOP PRONTO,20.76,Noemi,Groceries,everyday
2025-12-29,13:32,Bistro Le Petit Barcelona 4001,140.44,Ada,Dining,trip
2025-12-29,13:36,AIRBNB PAYMENTS ZUERICH WIEDIKON CARD*4948,172.97,Noemi,Travel,trip
2025-12-29,16:29,HOTEL DE LA PAIX,285.82,Bruno,Travel,trip
2025-12-29,17:50,uber trip TID 27962868,46.07,Bruno,Transport,everyday
2025-12-30,08:50,CITY BIKE RENT 8205,6.31,Bruno,Transport,trip
2025-12-30,08:56,HOTEL DE LA PAIX/BARCELONA 4396,227.26,Ada,Travel,trip
2025-12-30,14:09,coop pronto LUZERN NR.7584 13.12.24,29.91,Bruno,Groceries,everyday
2025-12-30,16:21,PATHE SPREITENBACH CARD*9812,30.39,Noemi,Entertainment,everyday
2025-12-30,16:40,KINO ARENA,14.02,Ada,Entertainment,everyday
2025-12-30,17:36,MIGROS/ZUERICH 24.09.25 TRX 33811049,24.29,Noemi,Groceries,everyday
2025-12-30,20:11,HALLENSTADION //DIETIKON 07.10.26 REF 46836769 SCHWEIZ,131.53,Bruno,Entertainment,date_night
2025-12-31,07:58,CAFE BÄCKEREI ZEIT/ZH FIL.7156,5.79,Noemi,Cafes,everyday
2025-12-31,13:12,KINO ARENA //ZÜRICH,23.11,Bruno,Entertainment,everyday
2025-12-31,15:24,VICAFE,3.61,Ada,Cafes,trip
2025-12-31,19:24,taverna mykonos,121.29,Ada,Dining,trip
2025-12-31,20:53,Museu Nacional/BARCELONA,21.24,Ada,Entertainment,trip
2025-12-31,21:14,MUSEU NACIONAL STORE3290,14.52,Bruno,Entertainment,everyday
2026-01-01,03:12,SPOTIFY STORE1262,12.97,Noemi,Subscriptions,everyday
2026-01-01,08:14,SBB CFF FFS,9.29,Bruno,Transport,everyday
2026-01-01,12:30,BURGER KING/ZÜRICH 3495,27.60,Ada,Dining,everyday
2026-01-01,16:42,interflora THALWIL CARD*9876,43.49,Ada,Gifts,gift
2026-01-01,17:11,SBB CFF FFS NR.6649,3.98,Bruno,Transport,everyday
2026-01-01,17:34,Alnatura Zuerich ZUERICH OERLIKON,79.68,Noemi,Groceries,everyday
2026-01-01,17:38,COOP WALLISELLEN SCHWEIZ,31.78,Noemi,Groceries,everyday
2026-01-02,06:30,Uber Trip,97.39,Noemi,Transport,everyday
2026-01-02,07:33,CAFETERIA ETH WINTERTHUR,2.63,Ada,Cafes,everyday
2026-01-02,08:50,Lidl Schweiz 5231 KD.NR 51258699,18.49,Bruno,Groceries,everyday
2026-01-02,08:52,cafe spruengli 2333,16.66,Ada,Cafes,everyday
2026-01-02,19:38,METZGEREI ANGST FIL.999,25.08,Noemi,Groceries,everyday
2026-01-02,20:44,RESTAURANT BLAUE ENTE ZURICH 25.11.25 NO. 73518592,113.24,Ada,Dining,date_night
2026-01-03,10:04,Denner,31.93,Ada,Groceries,trip
2026-01-03,11:48,BOOKING.COM/Bern NR.1037 19.05.26 CARD*3091,212.83,Ada,Travel,trip
2026-01-03,14:17,ORELL FUESSLI NR.2396 03.01.24,36.14,Ada,Gifts,everyday
2026-01-03,19:26,KAUFLEUTEN //DIETIKON 10.06.25 TRX 11957557 CH,23.14,Noemi,Entertainment,date_night
2026-01-03,21:02,SUSHI ZEN,73.14,Ada,Dining,date_night
2026-01-03,21:14,MCDONALDS WINTERTHUR SCHWEIZ,30.48,Ada,Dining,everyday
2026-01-04,03:23,NZZ ABO,38.55,Ada,Subscriptions,everyday
2026-01-04,04:55,DISNEY PLUS TRX 41541378,16.06,Ada,Subscriptions,everyday
2026-01-04,07:54,Cafe Central,11.69,Ada,Cafes,trip
2026-01-04,16:20,coffee stop TID 13979662,5.04,Ada,Cafes,everyday
2026-01-04,16:35,SOUVENIR SHOP AMSTERDAM NL STORE5000,77.04,Noemi,Gifts,trip
2026-01-04,16:47,OBI BAUMARKT KLOTEN,34.92,Noemi,Home,everyday
2026-01-05,06:52,sbb cff ffs //ZÜRICH FIL.150,81.92,Bruno,Transport,everyday
2026-01-05,11:56,TRATTORIA DA NINO 10.04.25,91.59,Noemi,Dining,trip
2026-01-05,12:23,BURGER KING LUZERN 4597,18.62,Noemi,Dining,everyday
2026-01-05,16:09,MOBILITY,22.12,Bruno,Transport,everyday
2026-01-06,05:42,ICLOUD CARD*1740,2.92,Bruno,Subscriptions,everyday
2026-01-06,05:52,Fitnesspark Abo,88.71,Noemi,Subscriptions,everyday
2026-01-06,08:10,VICAFE ZH STORE6142 TRX 50207817 SCHWEIZ,14.29,Ada,Cafes,trip
2026-01-06,12:09,AMAVITA APOTHEKE BASEL 7272,19.07,Ada,Health,everyday
2026-01-06,12:55,GESCHENKIDEE CH //ZUERICH WIEDIKON,59.77,Noemi,Gifts,gift
2026-01-06,13:40,MUSEU NACIONAL AMSTERDAM NL,33.49,Ada,Entertainment,trip
2026-01-06,16:23,MIGROLINO,4.17,Noemi,Groceries,everyday
2026-01-06,16:27,MEDBASE //ZUERICH,30.28,Bruno,Health,everyday
2026-01-06,18:41,Bistro Le Petit Amsterdam Nl CARD*3689,58.21,Ada,Dining,trip
2026-01-06,18:46,kronenhalle/THALWIL,182.42,Noemi,Dining,date_night
2026-01-07,07:52,CAFE CENTRAL,11.63,Noemi,Cafes,trip
2026-01-07,07:56,Vicafe/KLOTEN STORE6157 18.12.25,5.19,Noemi,Cafes,everyday
2026-01-07,11:19,AMAVITA APOTHEKE ZUERICH WIEDIKON,31.29,Bruno,Health,everyday
2026-01-07,12:06,Swiss International Air Lines //ZUERICH OERLIKON NO. 2198350,115.34,Ada,Travel,trip
2026-01-07,12:24,Taverna Mykonos AMSTERDAM NL 15.02.26,44.98,Noemi,Dining,trip
2026-01-07,13:40,VICAFE BASEL,5.62,Bruno,Cafes,everyday
2026-01-07,17:40,MANOR CARD*4003,56.24,Bruno,Gifts,gift
2026-01-07,19:10,CITY BIKE RENT AMSTERDAM NL NR.1163,19.56,Noemi,Transport,trip
2026-01-08,04:34,SWISSCOM,78.86,Bruno,Subscriptions,everyday
2026-01-08,07:44,Cafe De Flore FIL.3851,13.23,Noemi,Cafes,trip
2026-01-08,12:12,KRONENHALLE Basel,345.86,Bruno,Dining,date_night
2026-01-08,14:21,BOOKING.COM REF 12515807,206.35,Noemi,Travel,trip
2026-01-08,18:22,COOP FIL.4467,63.62,Bruno,Groceries,everyday
2026-01-08,19:03,BISTRO LE PETIT CARD*8673,78.67,Ada,Dining,trip
2026-01-08,19:17,Denner,26.54,Noemi,Groceries,everyday
2026-01-08,19:32,Hotel Adler/ZURICH,160.46,Bruno,Travel,trip
2026-01-08,19:59,KINO RIFFRAFF //ZUERICH WIEDIKON CARD*7152 CH,14.71,Noemi,Entertainment,everyday
2026-01-08,20:38,BISTRO LE PETIT,60.32,Noemi,Dining,trip
2026-01-08,22:27,BOWLING CENTER HEUERIED STORE6095,29.05,Noemi,Entertainment,everyday
2026-01-09,05:33,SALT MOBILE 15.03.25,49.86,Ada,Subscriptions,everyday
2026-01-09,14:05,BP TANKSTELLE,25.36,Noemi,Transport,everyday
2026-01-09,15:05,AMAVITA APOTHEKE,22.75,Ada,Health,everyday
2026-01-09,18:23,LE DEZALEY 09.05.26,184.05,Bruno,Dining,everyday
2026-01-10,03:29,netflix NR.8058 KD.NR 33989074,20.04,Ada,Subscriptions,everyday
2026-01-10,07:11,BOOKING.COM 3539,195.37,Bruno,Travel,trip
2026-01-10,12:10,TIBITS ST GALLEN,17.99,Bruno,Dining,everyday
2026-01-10,18:28,NOOCH ASIAN KITCHEN ZURICH FIL.7752,21.30,Ada,Dining,everyday
2026-01-10,18:57,kino riffraff //WINTERTHUR 3130 25.05.26,18.81,Noemi,Entertainment,date_night
2026-01-10,19:02,Migros Mm Zuerich Hb,40.43,Bruno,Groceries,everyday
2026-01-10,19:06,ZEUGHAUSKELLER SCHLIEREN STORE8800 SCHWEIZ,64.48,Noemi,Dining,date_night
2026-01-10,19:28,HILTL BERN 6058,42.65,Ada,Dining,everyday
2026-01-11,05:54,SERAFE 6889,112.26,Ada,Subscriptions,everyday
2026-01-11,12:49,Kronenhalle USTER,114.57,Noemi,Dining,everyday
2026-01-11,19:46,NOOCH ASIAN KITCHEN,65.42,Ada,Dining,everyday
2026-01-11,20:03,MCDONALDS CARD*6914,13.86,Bruno,Dining,everyday
2026-01-11,21:23,Kino Arena 7521,11.66,Ada,Entertainment,everyday
2026-01-12,09:06,AMAVITA APOTHEKE ZUERICH 4388,43.84,Noemi,Health,everyday
2026-01-12,14:25,BLACK SHEEP SCHLIEREN CARD*1442,8.68,Bruno,Cafes,everyday
2026-01-13,02:41,SUNRISE 6575,58.46,Noemi,Subscriptions,everyday
2026-01-13,09:18,MIGROS,36.13,Noemi,Groceries,everyday
2026-01-13,10:06,AIRBNB PAYMENTS NR.6321,207.40,Ada,Travel,trip
2026-01-13,16:29,UBER TRIP TRX 81920777 CARD*6851,56.46,Bruno,Transport,everyday
2026-01-13,18:11,POSTAUTO ZÜRICH,11.40,Noemi,Transport,everyday
2026-01-13,18:48,SUSHI ZEN/SCHLIEREN,45.71,Ada,Dining,everyday
2026-01-14,08:12,Sbb Cff Ffs,11.87,Noemi,Transport,everyday
2026-01-14,09:31,COFFEE STOP FIL.1738,10.89,Noemi,Cafes,everyday
2026-01-14,13:59,MIGROS 4236,23.89,Ada,Groceries,everyday
2026-01-14,16:07,COOP //SCHLIEREN,32.77,Ada,Groceries,everyday
2026-01-14,16:54,COOP 4259 CARD*1514,31.95,Ada,Groceries,everyday
2026-01-14,17:31,DR MED HUBER PRAXIS //ZUERICH,221.11,Bruno,Health,everyday
2026-01-14,20:30,HILTL THALWIL 03.04.24,50.43,Noemi,Dining,everyday
2026-01-14,21:19,Pathe Spreitenbach,15.45,Ada,Entertainment,everyday
2026-01-15,11:22,orell fuessli ZH,16.79,Noemi,Gifts,gift
2026-01-15,17:18,CAFE SPRUENGLI 2846 TID 59232080 CARD*6374,16.98,Ada,Cafes,everyday
2026-01-15,18:43,PIZZERIA DA MICHELE,64.27,Bruno,Dining,date_night
2026-01-15,19:47,MIGROS,31.14,Bruno,Groceries,everyday
2026-01-16,07:49,zvv ZUERICH CARD*8257,3.57,Bruno,Transport,everyday
2026-01-16,08:55,TAXI ZUERICH STORE114 09.10.25 SCHWEIZ,21.84,Bruno,Transport,everyday
2026-01-16,12:39,MIGROS ZÜRICH,10.58,Noemi,Groceries,everyday
2026-01-16,12:42,HORNBACH STORE9222 04.07.26,40.27,Noemi,Home,everyday
2026-01-16,13:22,migrolino CARD*7037,8.91,Bruno,Groceries,everyday
2026-01-16,13:41,TOPPHARM APOTHEKE 01.06.26,46.78,Bruno,Health,everyday
2026-01-16,14:35,IKEA DIETLIKON //Zuerich Oerlikon,116.05,Ada,Home,everyday
2026-01-16,15:10,Sbb Cff Ffs,12.84,Ada,Transport,everyday
2026-01-16,15:42,VICAFE 24.06.25 CARD*4606,5.41,Bruno,Cafes,everyday
2026-01-16,16:28,GRAND CAFE ODEON,18.86,Ada,Cafes,everyday
2026-01-17,10:08,INTERFLORA/DIETIKON,211.23,Noemi,Gifts,gift
2026-01-17,14:20,JUMBO STORE9507,112.53,Bruno,Home,trip
2026-01-17,19:38,Restaurant Santa Lucia/DIETIKON STORE6404,27.18,Bruno,Dining,date_night
2026-01-18,12:18,Bindella Ristorante //DIETIKON,216.63,Ada,Dining,everyday
2026-01-19,08:43,CAFE BÄCKEREI ZEIT STORE1980,8.21,Bruno,Cafes,trip
2026-01-19,14:03,HOTEL BELLEVUE 01.12.24,173.03,Bruno,Travel,trip
2026-01-19,16:09,BÄCKEREI HUG FIL.138 CARD*8804 SUISSE,4.05,Ada,Groceries,everyday
2026-01-19,18:33,SWISS TRAVEL //SCHLIEREN,225.76,Bruno,Travel,trip
2026-01-20,14:45,PFISTER MOEBEL WALLISELLEN,63.45,Ada,Home,everyday
2026-01-20,17:51,Metzgerei Angst 03.07.24,46.86,Noemi,Groceries,trip
2026-01-21,09:45,LANDI //Wallisellen,29.18,Bruno,Home,everyday
2026-01-21,09:49,IKEA DIETLIKON ZUERICH,92.57,Ada,Home,everyday
2026-01-21,16:35,Spar Express ZÜRICH FIL.5210,21.38,Bruno,Groceries,everyday
2026-01-21,17:30,MANOR/WINTERTHUR,89.96,Ada,Gifts,date_night
2026-01-22,07:57,Booking.Com //DIETIKON,233.40,Bruno,Travel,trip
2026-01-22,11:18,Swiss International Air Lines Zuerich Wiedikon REF 99952957,235.22,Noemi,Travel,trip
2026-01-22,11:39,PHYSIOTHERAPIE SEEFELD,46.26,Noemi,Health,everyday
2026-01-22,12:35,Interflora,55.74,Noemi,Gifts,everyday
2026-01-22,12:39,KEBAB HOUSE 05.09.26,11.41,Ada,Dining,everyday
2026-01-22,13:27,PFISTER MOEBEL KLOTEN,88.53,Ada,Home,everyday
2026-01-22,14:19,cafeteria eth,5.21,Bruno,Cafes,everyday
2026-01-23,07:07,Taxi Zuerich //ZUERICH OERLIKON TID 29881484,25.73,Ada,Transport,gift
2026-01-24,10:47,GESCHENKIDEE CH FIL.3612 21.03.26,109.55,Noemi,Gifts,gift
2026-01-24,12:52,COOP Zurich CH,50.28,Noemi,Groceries,everyday
2026-01-24,15:27,INTERFLORA DIETIKON,54.77,Bruno,Gifts,gift
2026-01-24,16:30,Zoo Zuerich WALLISELLEN,49.55,Noemi,Entertainment,everyday
2026-01-24,18:41,COOP Wallisellen 3125,19.71,Noemi,Groceries,everyday
2026-01-25,09:29,SBB RAILAWAY 18.01.26,74.87,Noemi,Travel,date_night
2026-01-25,10:48,AIRBNB PAYMENTS NR.5704,238.78,Noemi,Travel,trip
2026-01-25,17:36,airbnb payments 03.04.24,286.69,Ada,Travel,trip
2026-01-25,19:04,bowling center heueried REF 951983,16.89,Ada,Entertainment,everyday
2026-01-26,19:23,SOCAR TANKSTELLE KLOTEN CARD*1611,159.81,Noemi,Transport,everyday
2026-01-26,21:14,KINO ARENA,35.72,Ada,Entertainment,everyday
2026-01-27,08:42,ALNATURA ZUERICH,47.57,Noemi,Groceries,everyday
2026-01-28,10:54,INTERFLORA ST GALLEN NR.5412 07.09.24 NO. 97351096,92.69,Bruno,Gifts,gift
2026-01-28,12:13,BÄCKEREI HUG,2.95,Ada,Groceries,everyday
2026-01-29,08:58,HOTEL ADLER Zh,237.91,Ada,Travel,trip
2026-01-29,10:26,STARBUCKS 17.04.26 NO. 86248679,7.62,Noemi,Cafes,everyday
2026-01-29,11:15,SHELL AUTOBAHN ST GALLEN 11.06.25,74.42,Bruno,Transport,everyday
2026-01-29,13:43,BOHEMIA CAFE //ZUERICH WIEDIKON REF 60718253 SUISSE,10.87,Ada,Cafes,everyday
2026-01-29,14:36,cafe central/KOPENHAGEN CARD*3783,8.02,Ada,Cafes,trip
2026-01-29,15:14,JUMBO,19.69,Noemi,Home,everyday
2026-01-29,15:30,Physiotherapie Seefeld //SCHLIEREN 9559,89.89,Noemi,Health,everyday
2026-01-29,18:08,SBB CFF FFS ZUERICH WIEDIKON,18.68,Noemi,Transport,everyday
2026-01-29,18:27,RESTAURANT ZUM GRUENEN GLAS/Basel NR.2161,81.06,Bruno,Dining,date_night
2026-01-29,18:49,KEBAB HOUSE,25.73,Ada,Dining,everyday
2026-01-29,19:49,RESTAURANT LINDE 21.10.25,88.52,Ada,Dining,date_night
2026-01-29,19:57,BISTRO LE PETIT KOPENHAGEN,90.27,Bruno,Dining,trip
2026-01-29,21:49,ZOO ZUERICH 6336,34.89,Noemi,Entertainment,everyday
2026-01-29,22:05,ZOO ZUERICH SCHWEIZ,34.57,Ada,Entertainment,everyday
2026-01-29,22:26,MUSEU NACIONAL KOPENHAGEN 2492 CARD*5443,35.88,Bruno,Entertainment,trip
2026-01-30,09:23,CAFE CENTRAL/KOPENHAGEN,6.91,Bruno,Cafes,trip
2026-01-30,12:17,Manor WALLISELLEN CARD*2263,64.01,Ada,Gifts,gift
2026-01-30,16:34,BAECKEREI FISCHER ZUERICH WIEDIKON,11.60,Bruno,Groceries,everyday
2026-01-30,20:58,KAUFLEUTEN,38.21,Ada,Entertainment,date_night
2026-01-30,21:07,BISTRO LE PETIT,73.14,Ada,Dining,everyday
2026-01-31,07:16,CAFE CENTRAL/KOPENHAGEN 3486,9.83,Bruno,Cafes,trip
2026-01-31,08:29,ZVV/Zuerich Wiedikon FIL.9132,15.69,Noemi,Transport,everyday
2026-01-31,11:53,BISTRO LE PETIT KOPENHAGEN,102.55,Ada,Dining,trip
2026-01-31,12:01,NOOCH ASIAN KITCHEN 16.11.25,41.61,Ada,Dining,everyday
2026-01-31,13:18,BOHEMIA CAFE USTER,20.84,Bruno,Cafes,everyday
2026-01-31,16:05,Coop Pronto KD.NR 86504553,13.52,Bruno,Groceries,everyday
2026-01-31,18:25,BURGER KING USTER,16.53,Noemi,Dining,everyday
2026-01-31,18:50,BP TANKSTELLE,53.00,Ada,Transport,everyday
2026-01-31,20:50,pathe spreitenbach 7810,20.14,Bruno,Entertainment,date_night
2026-01-31,21:29,RENFE VIAJEROS/Kopenhagen 4087,17.02,Noemi,Transport,trip
2026-02-01,03:13,Spotify 8484 25.12.26 TID 56152263,12.96,Bruno,Subscriptions,everyday
2026-02-02,06:59,ZVV USTER FIL.6041,2.62,Ada,Transport,everyday
2026-02-02,08:06,SBB CFF FFS TID 56150041,24.00,Ada,Transport,trip
2026-02-02,13:33,SWISS INTERNATIONAL AIR LINES STORE4958 22.07.24,171.78,Ada,Travel,gift
2026-02-02,16:44,DR MED HUBER PRAXIS NR.7244,98.81,Ada,Health,everyday
2026-02-02,18:33,MCDONALDS ST GALLEN,35.44,Ada,Dining,everyday
2026-02-03,08:56,LIDL SCHWEIZ Zuerich,17.45,Noemi,Groceries,everyday
2026-02-03,13:19,AIRBNB PAYMENTS CARD*9986,585.58,Ada,Travel,trip
2026-02-03,15:11,MICASA CARD*2803,28.11,Ada,Home,everyday
2026-02-03,17:07,MIGROS MM ZUERICH HB,26.23,Bruno,Groceries,everyday
2026-02-03,19:10,BURGER KING NR.1128 25.04.25 TRX 84257177,13.85,Bruno,Dining,everyday
2026-02-03,19:33,COOP 17.08.24,27.10,Bruno,Groceries,everyday
2026-02-03,20:08,RESTAURANT LINDE ZÜRICH,40.44,Bruno,Dining,everyday
2026-02-03,22:15,Kaufleuten NO. 65707428,42.07,Noemi,Entertainment,everyday
2026-02-04,02:59,Disney Plus STORE8209,16.06,Bruno,Subscriptions,everyday
2026-02-04,05:55,NZZ ABO CARD*2245,38.94,Bruno,Subscriptions,everyday
2026-02-04,13:24,Ikea Dietlikon/Zürich 8749,693.50,Noemi,Home,everyday
2026-02-04,16:00,Coop Pronto LUZERN,11.23,Bruno,Groceries,everyday
2026-02-04,16:47,SPAR EXPRESS/BASEL TRX 67057301,5.21,Noemi,Groceries,everyday
2026-02-05,08:02,BLACK SHEEP/BERN STORE5180 06.02.26,7.00,Noemi,Cafes,trip
2026-02-05,11:28,coop //SCHLIEREN,32.33,Bruno,Groceries,gift
2026-02-05,13:46,DENNER SCHWEIZ,40.34,Noemi,Groceries,everyday
2026-02-05,14:11,VICAFE KLOTEN,5.81,Noemi,Cafes,everyday
2026-02-05,16:02,Manor 19.10.25,106.08,Bruno,Gifts,everyday
2026-02-05,18:50,KEBAB HOUSE ZUERICH OERLIKON SCHWEIZ,21.80,Ada,Dining,everyday
2026-02-06,02:13,FITNESSPARK ABO STORE8937 TID 69082776,88.44,Noemi,Subscriptions,everyday
2026-02-06,02:35,Icloud CARD*4416,2.90,Bruno,Subscriptions,everyday
2026-02-06,09:57,Micasa 9665,96.11,Ada,Home,everyday
2026-02-06,10:45,JUMBO //USTER NR.7863 04.04.24,39.91,Bruno,Home,everyday
2026-02-06,17:02,COOP //Wallisellen,26.69,Bruno,Groceries,everyday
2026-02-06,21:36,TECHNORAMA/WINTERTHUR,35.37,Bruno,Entertainment,everyday
2026-02-07,12:20,SWISS CHUCHI CARD*4267,50.68,Noemi,Dining,everyday
2026-02-07,13:11,MICASA CARD*5945,45.75,Bruno,Home,everyday
2026-02-07,16:35,Uber Trip BASEL NR.3288,15.09,Ada,Transport,everyday
2026-02-07,16:51,HALLENSTADION,169.49,Noemi,Entertainment,everyday
2026-02-07,21:01,RESTAURANT SANTA LUCIA,22.74,Noemi,Dining,date_night
2026-02-08,05:19,swisscom,78.25,Ada,Subscriptions,everyday
2026-02-08,16:59,amavita apotheke SCHLIEREN NR.2051,24.61,Noemi,Health,everyday
2026-02-08,18:58,RESTAURANT BLAUE ENTE BERN,60.67,Noemi,Dining,everyday
2026-02-08,20:01,restaurant blaue ente,138.74,Bruno,Dining,date_night
2026-02-09,03:13,SALT MOBILE,49.18,Ada,Subscriptions,everyday
2026-02-09,13:54,GESCHENKIDEE CH REF 76113539,49.99,Bruno,Gifts,gift
2026-02-09,17:07,STARBUCKS,4.50,Noemi,Cafes,everyday
2026-02-09,17:34,COOP,36.79,Bruno,Groceries,everyday
2026-02-09,18:00,SBB CFF FFS/THALWIL NR.7069 SUISSE,7.81,Noemi,Transport,everyday
2026-02-09,19:46,SBB RAILAWAY STORE7713 CARD*9321,73.31,Bruno,Travel,trip
2026-02-10,02:13,NETFLIX 4160,19.89,Ada,Subscriptions,date_night
2026-02-10,06:57,SBB CFF FFS DIETIKON NR.9806,17.36,Noemi,Transport,everyday
2026-02-10,19:05,KAUFLEUTEN //Zurich,24.53,Ada,Entertainment,everyday
2026-02-10,19:50,pathe spreitenbach,27.28,Bruno,Entertainment,everyday
2026-02-10,19:57,RESTAURANT BLAUE ENTE Luzern,136.60,Bruno,Dining,date_night
2026-02-11,05:06,SERAFE TRX 90541573,111.20,Ada,Subscriptions,everyday
2026-02-11,06:34,ZVV SCHLIEREN NR.3129,6.31,Ada,Transport,everyday
2026-02-11,08:07,Bp Tankstelle CARD*5511,25.63,Noemi,Transport,trip
2026-02-11,08:38,Taxi Zuerich Dietikon KD.NR 77357612,20.42,Ada,Transport,everyday
2026-02-12,06:55,SWISS INTERNATIONAL AIR LINES NR.9980,144.93,Noemi,Travel,trip
2026-02-12,07:44,SBB CFF FFS //ST GALLEN 06.08.24,19.43,Ada,Transport,everyday
2026-02-12,12:02,CHRIST UHREN SCHMUCK/ZÜRICH,381.63,Bruno,Gifts,gift
2026-02-12,12:02,INTERFLORA,45.40,Ada,Gifts,gift
2026-02-12,17:29,BLACK SHEEP,5.39,Ada,Cafes,everyday
2026-02-12,19:23,BOLT RIDE DIETIKON 291 11.08.24,36.37,Noemi,Transport,everyday
2026-02-12,21:14,HILTL BERN FIL.5689,42.40,Bruno,Dining,everyday
2026-02-12,21:27,BOWLING CENTER HEUERIED ZH,18.76,Bruno,Entertainment,everyday
2026-02-13,05:51,Sunrise FIL.6982,59.78,Bruno,Subscriptions,everyday
2026-02-13,09:58,AMAVITA APOTHEKE //ZUERICH WIEDIKON,39.16,Noemi,Health,everyday
2026-02-13,11:17,BP TANKSTELLE STORE9722,104.75,Ada,Transport,everyday
2026-02-13,13:21,MIGROS LUZERN STORE3001,25.33,Ada,Groceries,everyday
2026-02-13,13:59,Micasa 5436 12.05.24,64.78,Noemi,Home,everyday
2026-02-13,14:19,COOP THALWIL,28.70,Ada,Groceries,everyday
2026-02-13,19:58,PATHE SPREITENBACH 03.01.24,7.98,Ada,Entertainment,everyday
2026-02-13,21:32,kaufleuten,30.06,Bruno,Entertainment,date_night
2026-02-14,07:40,Postauto 06.11.25,7.62,Bruno,Transport,gift
2026-02-14,12:44,Zeughauskeller ZUERICH OERLIKON,60.62,Bruno,Dining,everyday
2026-02-14,13:20,SBB RAILAWAY 1314,60.24,Bruno,Travel,trip
2026-02-14,13:47,Pathe Spreitenbach //LUZERN SCHWEIZ,20.65,Noemi,Entertainment,everyday
2026-02-14,14:07,SWISS INTERNATIONAL AIR LINES DIETIKON SCHWEIZ,788.81,Ada,Travel,trip
2026-02-15,10:26,HORNBACH,39.40,Noemi,Home,everyday
2026-02-15,11:50,RESTAURANT SANTA LUCIA WINTERTHUR,48.40,Ada,Dining,everyday
2026-02-15,20:13,Kronenhalle,418.01,Ada,Dining,date_night
2026-02-15,21:06,kino arena USTER 06.03.26,23.54,Ada,Entertainment,date_night
2026-02-15,21:10,Nooch Asian Kitchen SCHLIEREN,58.85,Ada,Dining,everyday
2026-02-15,22:07,KINO RIFFRAFF BERN 05.02.26 TRX 79284261,25.65,Bruno,Entertainment,date_night
2026-02-16,13:20,BAECKEREI FISCHER,4.26,Bruno,Groceries,everyday
2026-02-17,08:01,BLACK SHEEP/ZH,6.49,Bruno,Cafes,everyday
2026-02-17,09:58,STARBUCKS,7.80,Noemi,Cafes,date_night
2026-02-17,13:31,Sbb Cff Ffs SCHLIEREN,20.21,Noemi,Transport,gift
2026-02-17,15:38,CHRIST UHREN SCHMUCK/ST GALLEN,107.22,Bruno,Gifts,gift
2026-02-18,17:09,Christ Uhren Schmuck FIL.2319,548.23,Ada,Gifts,gift
2026-02-18,17:29,HORNBACH CH,69.83,Ada,Home,everyday
2026-02-19,09:02,SOCAR TANKSTELLE,143.12,Noemi,Transport,everyday
2026-02-19,15:35,CAFETERIA ETH 11.02.24,6.89,Bruno,Cafes,everyday
2026-02-19,19:39,kronenhalle ZUERICH,326.22,Bruno,Dining,date_night
2026-02-20,08:32,TAXI ZUERICH BERN CH,13.00,Noemi,Transport,trip
2026-02-20,09:07,STARBUCKS WINTERTHUR,8.05,Bruno,Cafes,everyday
2026-02-21,10:37,IKEA DIETLIKON,377.35,Noemi,Home,everyday
2026-02-21,12:57,ORELL FUESSLI,10.26,Bruno,Gifts,gift
2026-02-21,14:24,CAFE BÄCKEREI ZEIT //ZURICH,5.09,Ada,Cafes,everyday
2026-02-21,17:54,BÄCKEREI HUG/ZÜRICH FIL.3712 REF 32934992,10.27,Ada,Groceries,everyday
2026-02-21,18:28,PIZZERIA DA MICHELE,43.63,Bruno,Dining,date_night
2026-02-21,20:21,PATHE SPREITENBACH,54.24,Ada,Entertainment,everyday
2026-02-21,20:53,OPERNHAUS ZUERICH ZUERICH 07.08.26,154.36,Bruno,Entertainment,date_night
2026-02-21,21:13,KAUFLEUTEN,40.87,Ada,Entertainment,date_night
2026-02-22,08:10,VBZ TICKET //SCHLIEREN CARD*4724,2.55,Bruno,Transport,everyday
2026-02-22,18:55,PIZZERIA DA MICHELE/ZÜRICH,28.71,Ada,Dining,everyday
2026-02-23,18:06,sbb cff ffs CARD*3284,17.92,Noemi,Transport,everyday
2026-02-23,18:32,Alnatura Zuerich SCHLIEREN FIL.9684 11.08.25,34.16,Ada,Groceries,everyday
2026-02-24,09:52,AIRBNB PAYMENTS 20.08.24,284.29,Bruno,Travel,trip
2026-02-24,12:30,JELMOLI BERN NO. 42727386,121.44,Noemi,Gifts,gift
2026-02-24,15:27,COFFEE STOP //BERN TRX 53435764,6.61,Bruno,Cafes,everyday
2026-02-24,16:54,HOTEL ADLER //ZÜRICH STORE4045 28.04.24,175.15,Noemi,Travel,trip
2026-02-25,15:06,Cafeteria Eth FIL.2650,4.95,Ada,Cafes,everyday
2026-02-25,15:24,COFFEE STOP 2530,4.57,Bruno,Cafes,everyday
2026-02-25,18:01,Migros/SCHLIEREN 06.09.25,49.95,Noemi,Groceries,everyday
2026-02-25,19:40,NOOCH ASIAN KITCHEN,33.77,Noemi,Dining,everyday
2026-02-26,12:23,Baeckerei Fischer,3.40,Ada,Groceries,everyday
2026-02-26,12:26,GLOBUS ZUERICH WIEDIKON,283.83,Bruno,Gifts,gift
2026-02-26,14:46,BLUME 3000,45.45,Ada,Gifts,gift
2026-02-27,12:37,RESTAURANT SANTA LUCIA //ZUERICH OERLIKON,127.79,Bruno,Dining,everyday
2026-02-27,18:50,bäckerei hug,10.51,Ada,Groceries,everyday
2026-02-27,19:14,COOP PRONTO Zürich 9149,41.80,Bruno,Groceries,everyday
2026-02-28,06:57,SWISS TRAVEL NR.7463,162.96,Bruno,Travel,trip
2026-02-28,07:48,CAFETERIA ETH Thalwil CARD*4459,5.92,Bruno,Cafes,everyday
2026-02-28,10:22,BLUMENGALERIE SEEFELD,48.03,Noemi,Gifts,everyday
2026-02-28,12:03,COOP ZURICH,36.59,Noemi,Groceries,everyday
2026-02-28,12:30,TIBITS,46.86,Ada,Dining,everyday
2026-02-28,12:36,RESTAURANT SANTA LUCIA //ZÜRICH SUISSE,190.46,Bruno,Dining,everyday
2026-02-28,17:22,hornbach KD.NR 55504706 CARD*4226,102.16,Noemi,Home,everyday
2026-02-28,17:52,CAFETERIA ETH 6127,5.72,Ada,Cafes,date_night
2026-02-28,18:11,ORELL FUESSLI STORE6014,32.13,Noemi,Gifts,gift
2026-02-28,20:15,PIZZERIA DA MICHELE Zürich,25.40,Noemi,Dining,everyday
2026-02-28,21:33,RESTAURANT ZUM GRUENEN GLAS 20.06.24,68.88,Ada,Dining,date_night
2026-03-01,03:44,SPOTIFY 24.07.26,12.96,Bruno,Subscriptions,everyday
2026-03-02,06:46,SOCAR TANKSTELLE,64.30,Bruno,Transport,gift
2026-03-02,07:48,ZVV WINTERTHUR 07.03.24,2.89,Noemi,Transport,everyday
2026-03-02,10:21,CAFETERIA ETH ZUERICH 6676 SUISSE,6.07,Bruno,Cafes,everyday
2026-03-02,10:58,MIGROS,46.31,Ada,Groceries,everyday
2026-03-02,18:14,HOTEL DE LA PAIX TRX 3040241,323.24,Ada,Travel,everyday
2026-03-02,20:54,BISTRO LE PETIT WIEN AT CARD*9892,68.87,Ada,Dining,trip
2026-03-02,21:35,restaurante do fado WIEN AT,52.66,Ada,Dining,trip
2026-03-03,14:15,ALNATURA ZUERICH,46.98,Ada,Groceries,everyday
2026-03-03,16:48,VOLG NR.8523,27.41,Ada,Groceries,everyday
2026-03-03,17:03,TRENITALIA Wien At NR.1448,11.08,Noemi,Transport,trip
2026-03-03,17:07,BAECKEREI FISCHER 21.11.25,10.97,Ada,Groceries,everyday
2026-03-03,18:28,BURGER KING Bern 08.03.26,14.55,Noemi,Dining,everyday
2026-03-03,19:07,bolt ride,47.96,Noemi,Transport,everyday
2026-03-03,19:26,coop KD.NR 4654350,42.38,Ada,Groceries,everyday
2026-03-04,03:06,Nzz Abo 16.06.26,38.76,Ada,Subscriptions,everyday
2026-03-04,04:07,DISNEY PLUS 6879,15.93,Noemi,Subscriptions,everyday
2026-03-04,06:06,hotel de la paix WIEN AT NR.4393 03.07.25,435.62,Noemi,Travel,trip
2026-03-04,08:01,METRO TICKET,25.73,Ada,Transport,trip
2026-03-04,09:58,DR MED HUBER PRAXIS/LUZERN SCHWEIZ,133.74,Bruno,Health,everyday
2026-03-04,12:38,PIZZERIA DA MICHELE,60.48,Ada,Dining,everyday
2026-03-04,16:52,MIGROLINO,10.00,Ada,Groceries,everyday
2026-03-04,18:28,AMAVITA APOTHEKE,52.85,Ada,Health,everyday
2026-03-04,18:47,SCHAUSPIELHAUS //ZÜRICH 16.06.25,53.05,Bruno,Entertainment,date_night
2026-03-04,19:56,SUSHI ZEN/ST GALLEN,88.90,Bruno,Dining,date_night
2026-03-04,20:49,TRATTORIA DA NINO WIEN AT,12.50,Noemi,Dining,trip
2026-03-05,14:16,CAFE CENTRAL/WIEN AT,17.33,Noemi,Cafes,trip
2026-03-05,16:14,Denner WINTERTHUR,36.07,Bruno,Groceries,everyday
2026-03-05,18:46,TRATTORIA DA NINO NR.3957,39.23,Bruno,Dining,trip
2026-03-05,19:49,TIBITS/WALLISELLEN FIL.7316,26.89,Bruno,Dining,everyday
2026-03-06,03:47,ICLOUD CH,2.92,Noemi,Subscriptions,everyday
2026-03-06,04:05,fitnesspark abo,89.17,Ada,Subscriptions,everyday
2026-03-06,07:34,SBB CFF FFS //DIETIKON NR.2003 26.05.24,20.30,Ada,Transport,everyday
2026-03-06,15:53,MEDBASE 09.06.25,123.59,Noemi,Health,everyday
2026-03-06,17:04,parkhaus hohe promenade CARD*2689,14.76,Noemi,Transport,everyday
2026-03-06,17:09,PARKHAUS HOHE PROMENADE/ST GALLEN,12.00,Noemi,Transport,everyday
2026-03-06,17:43,RENFE VIAJEROS,57.51,Bruno,Transport,trip
2026-03-06,19:48,LIDL SCHWEIZ ZURICH NO. 39320434,26.72,Noemi,Groceries,everyday
2026-03-06,20:47,zoo zuerich,58.27,Ada,Entertainment,everyday
2026-03-07,14:36,KAFFEEHAUS SPERL/HAMBURG 24.03.25,12.09,Noemi,Cafes,trip
2026-03-07,15:28,BLACK SHEEP,4.33,Ada,Cafes,everyday
2026-03-07,16:28,PHYSIOTHERAPIE SEEFELD,258.02,Noemi,Health,everyday
2026-03-07,17:48,Ikea Dietlikon ZUERICH WIEDIKON,139.07,Noemi,Home,everyday
2026-03-07,18:16,MICASA KLOTEN 07.09.24 SUISSE,36.00,Bruno,Home,everyday
2026-03-07,18:42,Airbnb Payments //Wien At 16.08.24,208.56,Noemi,Travel,trip
2026-03-07,22:01,PATHE SPREITENBACH Zh,21.34,Bruno,Entertainment,date_night
2026-03-08,03:17,SWISSCOM,81.28,Noemi,Subscriptions,everyday
2026-03-08,06:56,RENFE VIAJEROS,25.94,Noemi,Transport,trip
2026-03-08,07:47,PASTELARIA BELEM,7.41,Noemi,Cafes,trip
2026-03-08,13:34,CAFE DE FLORE,21.37,Bruno,Cafes,trip
2026-03-08,19:05,Restaurante Do Fado,74.78,Bruno,Dining,trip
2026-03-08,20:43,le dezaley,28.27,Bruno,Dining,date_night
2026-03-09,04:19,SALT MOBILE,50.43,Noemi,Subscriptions,everyday
2026-03-09,07:53,METRO TICKET //WIEN AT 07.06.25,8.84,Noemi,Transport,trip
2026-03-09,14:36,MUSEU NACIONAL 20.07.24,48.60,Noemi,Entertainment,trip
2026-03-09,15:26,AMAVITA APOTHEKE NR.1622,33.07,Ada,Health,everyday
2026-03-09,16:32,Uber Trip Zh,23.48,Ada,Transport,everyday
2026-03-09,19:05,taverna mykonos //HAMBURG 2844,51.18,Noemi,Dining,trip
2026-03-09,22:29,GUIDED CITY TOUR 14.10.26 CARD*5013,66.41,Ada,Entertainment,trip
2026-03-10,02:10,NETFLIX CARD*4521,19.87,Ada,Subscriptions,everyday
2026-03-10,08:08,SOCAR TANKSTELLE KLOTEN CARD*9461,69.62,Noemi,Transport,everyday
2026-03-10,13:30,TIBITS,54.81,Ada,Dining,everyday
2026-03-10,13:31,TRATTORIA DA NINO,32.48,Noemi,Dining,everyday
2026-03-10,14:48,MIGROS,19.55,Bruno,Groceries,everyday
2026-03-10,16:58,uber trip Zh 04.10.24,25.02,Bruno,Transport,everyday
2026-03-10,18:25,VICAFE/Schlieren,4.24,Ada,Cafes,everyday
2026-03-10,19:36,GUIDED CITY TOUR 6016,37.41,Ada,Entertainment,trip
2026-03-10,21:05,SUSHI ZEN NR.7252,54.44,Noemi,Dining,date_night
2026-03-10,21:35,PATHE SPREITENBACH Zh STORE9956,20.96,Ada,Entertainment,everyday
2026-03-11,04:35,SERAFE,112.54,Noemi,Subscriptions,everyday
2026-03-11,06:37,SBB CFF FFS Luzern CH,9.03,Bruno,Transport,everyday
2026-03-11,08:48,uber trip ZUERICH OERLIKON KD.NR 33611412,39.74,Noemi,Transport,everyday
2026-03-11,10:21,VICAFE TID 39581544,3.88,Bruno,Cafes,everyday
2026-03-11,12:36,AMAVITA APOTHEKE,27.55,Ada,Health,everyday
2026-03-11,15:16,INTERFLORA/ZUERICH OERLIKON,89.36,Noemi,Gifts,gift
2026-03-11,15:29,HOTEL DE LA PAIX HAMBURG CH,135.57,Ada,Travel,trip
2026-03-11,17:38,BAECKEREI FISCHER,5.70,Noemi,Groceries,everyday
2026-03-11,19:36,bistro le petit Hamburg,99.59,Bruno,Dining,trip
2026-03-11,20:45,RESTAURANTE DO FADO,64.34,Noemi,Dining,everyday
2026-03-11,21:03,RESTAURANT SANTA LUCIA 2438 CARD*3863,74.36,Noemi,Dining,everyday
2026-03-12,06:40,SBB CFF FFS/ZUERICH OERLIKON,16.55,Bruno,Transport,everyday
2026-03-12,08:05,MIGROS //BASEL,29.75,Ada,Groceries,everyday
2026-03-12,10:28,BLACK SHEEP Luzern REF 32538335,10.09,Ada,Cafes,everyday
2026-03-12,16:02,COOP,34.89,Bruno,Groceries,everyday
2026-03-12,16:07,Socar Tankstelle CARD*6252,67.72,Bruno,Transport,everyday
2026-03-12,17:38,MARKTHALLE BASEL/ZUERICH,10.80,Ada,Groceries,everyday
2026-03-12,19:49,Hiltl/WALLISELLEN 784 REF 33383089,55.84,Noemi,Dining,everyday
2026-03-12,21:04,KINO RIFFRAFF,20.35,Ada,Entertainment,everyday
2026-03-13,05:00,SUNRISE,59.84,Noemi,Subscriptions,everyday
2026-03-13,11:14,HOTEL BELLEVUE 09.11.26 CARD*1837,192.71,Bruno,Travel,trip
2026-03-13,13:02,BOWLING CENTER HEUERIED NR.9738,43.50,Noemi,Entertainment,everyday
2026-03-13,21:25,Pizzeria Da Michele/ZH,48.16,Noemi,Dining,date_night
2026-03-14,09:06,Volg //Basel,31.47,Noemi,Groceries,everyday
2026-03-14,09:53,MICASA WALLISELLEN,16.23,Ada,Home,everyday
2026-03-14,17:38,MIGROS,13.65,Noemi,Groceries,everyday
2026-03-14,17:52,Obi Baumarkt ST GALLEN FIL.3879 KD.NR 90912644,45.84,Bruno,Home,everyday
2026-03-14,20:22,RESTAURANT SANTA LUCIA TRX 22328655,73.62,Noemi,Dining,date_night
2026-03-14,21:09,HALLENSTADION NR.9563 CARD*4806,111.79,Ada,Entertainment,date_night
2026-03-15,12:07,Tibits 7693 SUISSE,39.32,Noemi,Dining,everyday
2026-03-16,17:52,Vicafe,4.80,Noemi,Cafes,everyday
2026-03-16,18:21,VOLG //Luzern TRX 70701509,12.65,Bruno,Groceries,everyday
2026-03-16,18:30,Restaurant Linde,151.35,Bruno,Dining,date_night
2026-03-17,06:58,Uber Trip/BASEL NR.563,23.07,Bruno,Transport,everyday
2026-03-17,11:39,BURGER KING NR.4935 SUISSE,14.62,Noemi,Dining,everyday
2026-03-17,12:32,COOP PRONTO ST GALLEN,36.50,Ada,Groceries,gift
2026-03-17,17:00,PARKHAUS HOHE PROMENADE ZUERICH NR.1792,12.65,Bruno,Transport,everyday
2026-03-18,16:55,uber trip KLOTEN CH,39.62,Ada,Transport,everyday
2026-03-18,18:00,MOEVENPICK CAFE,11.53,Bruno,Cafes,everyday
2026-03-18,18:38,KINO RIFFRAFF //ZH,11.44,Ada,Entertainment,everyday
2026-03-18,19:19,RESTAURANT BLAUE ENTE,188.19,Ada,Dining,date_night
2026-03-18,20:11,TIBITS Thalwil STORE7492,19.60,Noemi,Dining,everyday
2026-03-19,08:23,COOP PRONTO //WINTERTHUR SUISSE,17.86,Bruno,Groceries,everyday
2026-03-19,16:19,COOP BAU HOBBY/ZUERICH WIEDIKON SCHWEIZ,134.17,Bruno,Home,everyday
2026-03-19,17:11,migros mm zuerich hb //BERN,20.32,Bruno,Groceries,date_night
2026-03-19,18:09,COOP PRONTO //ZH SCHWEIZ,17.29,Bruno,Groceries,everyday
2026-03-19,18:48,SWISS TRAVEL/THALWIL KD.NR 42640970,66.82,Bruno,Travel,trip
2026-03-20,09:49,sbb cff ffs CARD*7402 SUISSE,18.68,Ada,Transport,everyday
2026-03-20,10:37,MANOR,60.41,Bruno,Gifts,gift
2026-03-20,10:44,INTERFLORA THALWIL,163.53,Noemi,Gifts,gift
2026-03-20,13:11,BINDELLA RISTORANTE //ZURICH 3306,92.65,Noemi,Dining,everyday
2026-03-20,17:17,MIGROS NR.8782,56.78,Ada,Groceries,trip
2026-03-20,19:06,SUSHI ZEN SUISSE,113.32,Ada,Dining,date_night
2026-03-20,19:54,restaurant linde NR.194,32.10,Bruno,Dining,date_night
2026-03-21,08:41,Sbb Cff Ffs SCHLIEREN REF 89419616,36.58,Noemi,Transport,everyday
2026-03-21,09:19,CAFETERIA ETH/BERN,5.64,Noemi,Cafes,everyday
2026-03-21,11:57,RESTAURANTE DO FADO,49.24,Ada,Dining,trip
2026-03-21,13:38,PASTELARIA BELEM //PRAG CZ,8.42,Bruno,Cafes,trip
2026-03-21,16:33,COOP USTER 2435,24.64,Bruno,Groceries,everyday
2026-03-21,18:14,DENNER //KLOTEN CARD*7006,50.16,Noemi,Groceries,everyday
2026-03-21,18:39,Le Dezaley/THALWIL 1800,125.29,Ada,Dining,everyday
2026-03-21,19:27,restaurante do fado NR.307,32.69,Noemi,Dining,trip
2026-03-21,20:42,ZEUGHAUSKELLER ZURICH 2915 13.11.24,64.55,Ada,Dining,date_night
2026-03-21,21:07,KAUFLEUTEN //Dietikon,26.98,Noemi,Entertainment,date_night
2026-03-22,11:51,BURGER KING //ST GALLEN,10.51,Ada,Dining,everyday
2026-03-22,15:22,CAFE CENTRAL,8.58,Noemi,Cafes,trip
2026-03-22,18:15,CITY BIKE RENT/PRAG CZ,11.01,Ada,Transport,trip
2026-03-22,18:47,BINDELLA RISTORANTE/LUZERN,95.16,Noemi,Dining,date_night
2026-03-22,22:10,OPERNHAUS ZUERICH 371 05.04.26,118.53,Bruno,Entertainment,date_night
2026-03-23,07:22,Vicafe,8.51,Noemi,Cafes,everyday
2026-03-23,12:26,CHRIST UHREN SCHMUCK ZUERICH WIEDIKON NR.1893,358.82,Noemi,Gifts,gift
2026-03-23,14:08,Starbucks WALLISELLEN FIL.3780 02.07.26,10.72,Ada,Cafes,everyday
2026-03-23,15:54,TRENITALIA TID 11150506,30.06,Noemi,Transport,trip
2026-03-23,17:20,MIGROS 8855,53.03,Noemi,Groceries,everyday
2026-03-23,17:48,MIGROS MM ZUERICH HB LUZERN,14.32,Ada,Groceries,trip
2026-03-23,18:30,RESTAURANTE DO FADO PRAG CZ,92.07,Bruno,Dining,trip
2026-03-23,19:20,Teatro Romano //PRAG CZ FIL.8218 KD.NR 75926374,29.74,Bruno,Entertainment,trip
2026-03-23,19:22,Migros 8019 CARD*2096,22.35,Ada,Groceries,everyday
2026-03-24,07:49,CITY BIKE RENT Prag Cz,13.93,Noemi,Transport,trip
2026-03-24,09:03,grand cafe odeon //LUZERN FIL.5935 NO. 97292799,26.48,Ada,Cafes,everyday
2026-03-24,17:12,BP TANKSTELLE/Luzern,350.72,Noemi,Transport,everyday
2026-03-24,17:30,COOP FIL.3047 07.01.25,22.18,Noemi,Groceries,everyday
2026-03-24,19:56,TRATTORIA DA NINO 26.09.24,52.20,Ada,Dining,trip
2026-03-24,21:14,BRASSERIE GEORGES //PRAG CZ,76.96,Noemi,Dining,trip
2026-03-25,08:09,Starbucks CARD*5861,10.80,Noemi,Cafes,everyday
2026-03-25,08:47,SHELL AUTOBAHN,217.54,Ada,Transport,date_night
2026-03-25,08:56,MEDBASE,134.87,Noemi,Health,trip
2026-03-25,09:53,HOTEL BOAVISTA Prag Cz,231.81,Ada,Travel,trip
2026-03-25,10:45,IKEA DIETLIKON 8630,179.19,Bruno,Home,everyday
2026-03-25,15:33,LANDI STORE5344,45.06,Noemi,Home,everyday
2026-03-26,07:33,COFFEE STOP,7.78,Noemi,Cafes,date_night
2026-03-26,08:51,RENFE VIAJEROS CH,28.19,Bruno,Transport,trip
2026-03-26,09:08,Bohemia Cafe,13.71,Noemi,Cafes,everyday
2026-03-26,11:57,VOLG,11.72,Bruno,Groceries,everyday
2026-03-26,13:36,BAECKEREI FISCHER ZUERICH OERLIKON FIL.2487,4.50,Noemi,Groceries,everyday
2026-03-26,13:56,MUSEU NACIONAL,24.40,Noemi,Entertainment,trip
2026-03-26,16:27,ZVV,1.94,Bruno,Transport,everyday
2026-03-26,17:30,AIRBNB PAYMENTS KD.NR 29361415,391.90,Noemi,Travel,everyday
2026-03-27,07:37,SHELL AUTOBAHN,29.90,Noemi,Transport,everyday
2026-03-27,09:30,COOP PRONTO WINTERTHUR 09.11.25 SUISSE,10.89,Ada,Groceries,everyday
2026-03-27,15:22,STARBUCKS NO. 61259082,9.04,Noemi,Cafes,everyday
2026-03-27,17:43,SOCAR TANKSTELLE FIL.7959 25.12.26,81.17,Bruno,Transport,everyday
2026-03-27,18:04,socar tankstelle 23.11.26,164.67,Noemi,Transport,everyday
2026-03-27,18:46,Migros,33.62,Ada,Groceries,everyday
2026-03-27,20:29,NOOCH ASIAN KITCHEN/ZUERICH WIEDIKON TRX 5755461,29.38,Ada,Dining,everyday
2026-03-27,20:44,aeroporto taxi //PRAG CZ 26.03.25,30.80,Noemi,Transport,trip
2026-03-28,13:30,AEROPORTO TAXI/Prag Cz,41.34,Bruno,Transport,trip
2026-03-28,15:19,Blumengalerie Seefeld ZH,25.18,Noemi,Gifts,gift
2026-03-28,17:36,Zvv 21.08.25,2.15,Bruno,Transport,everyday
2026-03-28,20:34,OCEANARIO PRAG CZ KD.NR 73404223,56.51,Bruno,Entertainment,everyday
2026-03-29,18:52,LE DEZALEY,116.32,Bruno,Dining,date_night
2026-03-30,07:03,swiss travel 03.09.24,120.34,Ada,Travel,trip
2026-03-30,08:09,Uber Trip SCHLIEREN,13.20,Ada,Transport,everyday
2026-03-30,09:43,Jumbo CH,112.28,Noemi,Home,everyday
2026-03-30,15:09,VICAFE KD.NR 75903219,6.55,Ada,Cafes,everyday
2026-03-30,15:11,OBI BAUMARKT NR.2170,51.93,Ada,Home,everyday
2026-03-30,16:08,COOP FIL.8109,12.44,Noemi,Groceries,everyday
2026-03-30,17:52,MANOR/ZUERICH OERLIKON,90.53,Ada,Gifts,gift
2026-03-31,07:33,SBB CFF FFS Schlieren CARD*8925,26.61,Bruno,Transport,everyday
2026-03-31,08:06,Moevenpick Cafe ZURICH,8.08,Noemi,Cafes,everyday
2026-03-31,08:16,VICAFE,7.74,Bruno,Cafes,everyday
2026-03-31,10:13,mobility USTER REF 38907977,48.30,Ada,Transport,everyday
2026-03-31,13:53,mobility,18.63,Bruno,Transport,everyday
2026-03-31,20:14,OPERNHAUS ZUERICH 24.03.24,217.53,Bruno,Entertainment,date_night
2026-04-01,02:35,SPOTIFY 16.03.25,12.95,Ada,Subscriptions,everyday
2026-04-01,08:01,BLACK SHEEP,6.24,Bruno,Cafes,everyday
2026-04-01,16:09,HORNBACH TID 55551907,24.00,Noemi,Home,trip
2026-04-01,18:29,JUMBO SCHLIEREN,38.01,Ada,Home,everyday
2026-04-01,18:53,Bolt Ride NR.3643,21.99,Noemi,Transport,everyday
2026-04-02,07:48,MOBILITY/SCHLIEREN,45.57,Ada,Transport,everyday
2026-04-02,16:40,Coop Bau Hobby 07.06.25,195.86,Noemi,Home,everyday
2026-04-02,17:26,COOP FIL.1508 NO. 20746903,45.73,Noemi,Groceries,everyday
2026-04-03,16:47,coop Zürich NR.2312,23.36,Noemi,Groceries,everyday
2026-04-03,18:13,VBZ TICKET //ZÜRICH CARD*4891,2.89,Noemi,Transport,everyday
2026-04-03,18:21,SUSHI ZEN 11.05.25,71.69,Bruno,Dining,date_night
2026-04-04,04:25,NZZ ABO TID 66663686,39.64,Ada,Subscriptions,everyday
2026-04-04,04:34,Disney Plus,15.97,Noemi,Subscriptions,everyday
2026-04-04,09:41,jumbo,193.57,Bruno,Home,everyday
2026-04-04,09:45,Migros TID 24340091 SCHWEIZ,22.77,Ada,Groceries,everyday
2026-04-04,17:49,ALDI SUISSE //WINTERTHUR 9336,48.67,Bruno,Groceries,everyday
2026-04-04,19:59,MIGROS //SCHLIEREN,17.40,Ada,Groceries,everyday
2026-04-05,07:39,CAFE BÄCKEREI ZEIT,6.04,Noemi,Cafes,everyday
2026-04-05,14:22,OBI BAUMARKT Dietikon KD.NR 97416580,42.65,Ada,Home,trip
2026-04-05,21:24,ZOO ZUERICH //KLOTEN 1793 23.01.26,53.52,Bruno,Entertainment,everyday
2026-04-06,03:43,FITNESSPARK ABO SCHWEIZ,89.42,Bruno,Subscriptions,everyday
2026-04-06,07:36,Socar Tankstelle,88.27,Ada,Transport,everyday
2026-04-06,08:27,Vbz Ticket NO. 77393018,3.26,Noemi,Transport,everyday
2026-04-07,11:26,HORNBACH,74.73,Bruno,Home,everyday
2026-04-07,16:01,DENNER 22.12.25,19.73,Ada,Groceries,everyday
2026-04-07,18:12,OBI BAUMARKT 6477,63.73,Ada,Home,everyday
2026-04-07,18:26,MCDONALDS SCHLIEREN 5847,11.02,Ada,Dining,everyday
2026-04-07,18:52,MOBILITY/WALLISELLEN,106.18,Noemi,Transport,everyday
2026-04-07,20:19,ZEUGHAUSKELLER SCHLIEREN REF 4964739,113.55,Noemi,Dining,date_night
2026-04-08,02:30,swisscom,78.66,Noemi,Subscriptions,everyday
2026-04-08,07:16,CAFE SPRUENGLI NR.7803,19.98,Ada,Cafes,trip
2026-04-08,16:26,COOP STORE3583,11.47,Ada,Groceries,everyday
2026-04-08,17:40,Jumbo,57.67,Ada,Home,everyday
2026-04-08,18:18,Aldi Suisse USTER STORE5635,10.88,Bruno,Groceries,everyday
2026-04-09,02:43,SALT MOBILE 2540 CARD*8007,50.46,Bruno,Subscriptions,everyday
2026-04-09,06:58,BP TANKSTELLE/Kloten 22.06.25,145.25,Bruno,Transport,everyday
2026-04-09,08:30,HOTEL SCHWEIZERHOF CH,193.25,Noemi,Travel,trip
2026-04-09,12:26,HILTL STORE421,30.95,Noemi,Dining,everyday
2026-04-09,19:29,COOP USTER,18.44,Bruno,Groceries,everyday
2026-04-09,19:39,PATHE SPREITENBACH,37.32,Noemi,Entertainment,everyday
2026-04-09,20:15,SWISS CHUCHI,111.73,Ada,Dining,date_night
2026-04-10,02:38,NETFLIX,19.96,Noemi,Subscriptions,everyday
2026-04-10,15:30,KINO ARENA,30.00,Ada,Entertainment,everyday
2026-04-10,16:03,COOP FIL.3267,177.63,Bruno,Groceries,everyday
2026-04-10,16:23,CAFE BÄCKEREI ZEIT,9.76,Bruno,Cafes,trip
2026-04-10,19:34,KRONENHALLE,259.17,Noemi,Dining,date_night
2026-04-10,19:43,Denner STORE3442,26.68,Noemi,Groceries,everyday
2026-04-11,02:28,Serafe 15.04.26 REF 21199608 CARD*3117,113.09,Bruno,Subscriptions,everyday
2026-04-11,12:53,RESTAURANT SANTA LUCIA,66.90,Ada,Dining,everyday
2026-04-11,15:18,coop pronto SUISSE,7.86,Noemi,Groceries,everyday
2026-04-11,22:10,HALLENSTADION,156.45,Bruno,Entertainment,everyday
2026-04-12,19:27,BRASSERIE LIPP ZUERICH STORE9687,140.76,Ada,Dining,date_night
2026-04-12,20:53,TECHNORAMA 04.01.24,18.99,Noemi,Entertainment,everyday
2026-04-13,04:43,SUNRISE FIL.5080,59.09,Noemi,Subscriptions,everyday
2026-04-13,08:10,Coop,44.80,Bruno,Groceries,everyday
2026-04-13,17:07,MIGROS ZUERICH WIEDIKON,28.43,Noemi,Groceries,everyday
2026-04-13,19:38,Denner ST GALLEN NR.6092 20.03.25 REF 19985172,27.30,Bruno,Groceries,everyday
2026-04-14,07:27,bp tankstelle/ST GALLEN REF 57799895,46.93,Bruno,Transport,everyday
2026-04-14,10:15,Vicafe TRX 25066000,6.39,Bruno,Cafes,everyday
2026-04-14,13:41,COFFEE STOP Thalwil,4.34,Ada,Cafes,gift
2026-04-14,14:29,Manor STORE9070 SUISSE,109.29,Bruno,Gifts,gift
2026-04-14,16:20,volg,17.52,Ada,Groceries,everyday
2026-04-14,17:43,PARKHAUS HOHE PROMENADE ZUERICH WIEDIKON,5.63,Noemi,Transport,everyday
2026-04-14,18:02,COOP ZUERICH WIEDIKON 16.04.24,64.25,Bruno,Groceries,everyday
2026-04-14,21:22,OPERNHAUS ZUERICH NR.6286,127.80,Noemi,Entertainment,date_night
2026-04-15,16:27,COFFEE STOP,4.75,Bruno,Cafes,everyday
2026-04-15,16:49,coop //ST GALLEN STORE7111 REF 49689212,40.59,Noemi,Groceries,everyday
2026-04-15,19:06,Technorama DIETIKON,68.02,Noemi,Entertainment,everyday
2026-04-15,21:19,Restaurant Zum Gruenen Glas 504,86.18,Noemi,Dining,everyday
2026-04-17,14:12,KINO RIFFRAFF ZUERICH 8588 SCHWEIZ,33.43,Ada,Entertainment,everyday
2026-04-17,17:17,Migros Mm Zuerich Hb,17.97,Ada,Groceries,everyday
2026-04-18,12:46,MANOR,71.80,Bruno,Gifts,gift
2026-04-18,17:52,HOTEL BELLEVUE/Zh,195.78,Noemi,Travel,trip
2026-04-18,19:08,KAUFLEUTEN WINTERTHUR,18.27,Bruno,Entertainment,date_night
2026-04-19,08:59,SWISS INTERNATIONAL AIR LINES,189.78,Bruno,Travel,trip
2026-04-19,20:31,restaurant zum gruenen glas 17.12.26 CH,107.00,Noemi,Dining,date_night
2026-04-20,09:16,MIGROLINO LUZERN,4.18,Ada,Groceries,everyday
2026-04-20,12:51,SBB CFF FFS/KLOTEN,8.76,Bruno,Transport,everyday
2026-04-20,16:40,HALLENSTADION USTER,142.21,Bruno,Entertainment,everyday
2026-04-21,09:37,ALNATURA ZUERICH LUZERN,32.42,Ada,Groceries,everyday
2026-04-21,11:46,Zeughauskeller KD.NR 56669755,102.51,Noemi,Dining,everyday
2026-04-21,18:27,Toppharm Apotheke 7949 02.03.25 REF 12844502,16.11,Bruno,Health,everyday
2026-04-22,10:11,Cafeteria Eth/ZUERICH WIEDIKON,4.52,Noemi,Cafes,everyday
2026-04-22,12:15,MANOR,52.45,Ada,Gifts,gift
2026-04-22,15:11,ALDI SUISSE,32.42,Bruno,Groceries,everyday
2026-04-22,15:14,VICAFE //THALWIL SUISSE,9.80,Ada,Cafes,everyday
2026-04-22,15:23,amavita apotheke,51.60,Noemi,Health,everyday
2026-04-22,17:13,denner CARD*8855,25.58,Bruno,Groceries,everyday
2026-04-23,07:09,ZVV,3.14,Ada,Transport,everyday
2026-04-23,08:54,Taxi Zuerich Zürich,72.97,Bruno,Transport,date_night
2026-04-23,10:54,GESCHENKIDEE CH/ZURICH NR.9255,63.26,Bruno,Gifts,gift
2026-04-23,12:59,MOBILITY FIL.4098,34.65,Bruno,Transport,everyday
2026-04-23,18:13,UBER TRIP,26.57,Bruno,Transport,everyday
2026-04-24,07:24,coffee stop 864,3.67,Bruno,Cafes,everyday
2026-04-24,08:55,COOP Zh,19.52,Bruno,Groceries,everyday
2026-04-24,17:56,Coop Thalwil 03.11.25,20.65,Ada,Groceries,everyday
2026-04-24,18:14,HOTEL SCHWEIZERHOF KLOTEN,113.06,Ada,Travel,trip
2026-04-24,18:14,VOLG //KLOTEN,10.67,Bruno,Groceries,everyday
2026-04-25,11:51,BURGER KING,19.56,Ada,Dining,trip
2026-04-25,13:25,Mcdonalds,35.77,Bruno,Dining,everyday
2026-04-25,16:41,Geschenkidee Ch,40.67,Ada,Gifts,gift
2026-04-25,17:17,MIGROLINO Zürich CARD*1256,11.75,Bruno,Groceries,everyday
2026-04-25,20:01,KINO ARENA ZUERICH OERLIKON KD.NR 9524392,39.79,Ada,Entertainment,date_night
2026-04-25,20:13,RESTAURANT LINDE,78.28,Noemi,Dining,everyday
2026-04-26,13:38,BOWLING CENTER HEUERIED,21.12,Bruno,Entertainment,everyday
2026-04-27,06:41,sbb cff ffs //DIETIKON STORE7778 REF 39829872 CARD*8593,19.25,Bruno,Transport,everyday
2026-04-27,07:21,VICAFE ZÜRICH,2.72,Noemi,Cafes,everyday
2026-04-27,08:11,APOTHEKE ZUR ROSE //THALWIL 7911,25.21,Ada,Health,everyday
2026-04-27,08:55,PARKHAUS HOHE PROMENADE,20.82,Bruno,Transport,everyday
2026-04-27,10:10,COFFEE STOP Zürich,6.61,Noemi,Cafes,everyday
2026-04-27,13:01,HALLENSTADION,66.63,Bruno,Entertainment,trip
2026-04-27,13:04,sbb cff ffs NO. 82099123,27.23,Ada,Transport,everyday
2026-04-27,16:23,SBB CFF FFS,20.87,Ada,Transport,everyday
2026-04-28,07:45,GRAND CAFE ODEON //ZUERICH WIEDIKON,23.54,Ada,Cafes,everyday
2026-04-28,08:59,COOP PRONTO 4405 REF 89173247,11.70,Bruno,Groceries,everyday
2026-04-28,09:01,CAFE SPRUENGLI,19.34,Noemi,Cafes,everyday
2026-04-28,19:06,Migrolino USTER NR.9359,8.65,Ada,Groceries,everyday
2026-04-29,13:40,SWISS CHUCHI 10.03.25,62.93,Bruno,Dining,everyday
2026-04-29,14:11,COOP WALLISELLEN NR.4943 TRX 87956117,19.26,Ada,Groceries,everyday
2026-04-29,14:23,TAXI ZUERICH KLOTEN STORE3331 NO. 81824512 SCHWEIZ,33.97,Ada,Transport,everyday
2026-04-29,18:59,Pizzeria Da Michele/Luzern NO. 45271778 CARD*6827,173.63,Ada,Dining,date_night
2026-04-29,22:13,Kino Arena ZÜRICH,39.84,Noemi,Entertainment,everyday
2026-04-30,09:55,vicafe FIL.8597 23.03.24 CH,6.54,Noemi,Cafes,everyday
2026-04-30,20:15,Bowling Center Heueried Wallisellen CARD*6302,38.63,Ada,Entertainment,everyday
2026-05-01,03:17,SPOTIFY FIL.7831,13.08,Ada,Subscriptions,everyday
2026-05-01,12:57,MIGROLINO FIL.8707 TRX 35693743,13.97,Ada,Groceries,everyday
2026-05-01,16:36,jumbo TID 4208566,51.27,Ada,Home,everyday
2026-05-01,17:02,Bohemia Cafe,7.89,Noemi,Cafes,everyday
2026-05-01,20:56,SWISS TRAVEL //ST GALLEN CARD*9076,58.34,Noemi,Travel,trip
2026-05-02,09:37,JUMBO //ZUERICH OERLIKON KD.NR 46434477,52.12,Ada,Home,everyday
2026-05-02,11:23,INTERFLORA,62.37,Bruno,Gifts,gift
2026-05-02,18:27,KRONENHALLE/ST GALLEN STORE5339,183.42,Ada,Dining,everyday
2026-05-02,18:28,PIZZERIA DA MICHELE Wallisellen,25.24,Noemi,Dining,date_night
2026-05-02,19:03,KEBAB HOUSE ZÜRICH 3439 TRX 15263709,27.86,Ada,Dining,everyday
2026-05-02,19:45,TIBITS,14.71,Bruno,Dining,everyday
2026-05-02,19:47,MIGROS //Zuerich Wiedikon,43.35,Bruno,Groceries,everyday
2026-05-02,20:07,kino arena,35.86,Ada,Entertainment,date_night
2026-05-02,20:33,Hiltl Wallisellen STORE6714 REF 79282534 CARD*8813,111.40,Ada,Dining,date_night
2026-05-03,11:23,VBZ TICKET ZUERICH WIEDIKON 27.08.24,2.57,Noemi,Transport,everyday
2026-05-03,14:32,Markthalle Basel USTER 06.03.24,41.94,Noemi,Groceries,everyday
2026-05-03,17:59,bohemia cafe CARD*4391,16.71,Bruno,Cafes,everyday
2026-05-04,02:23,NZZ ABO,39.20,Noemi,Subscriptions,everyday
2026-05-04,04:07,disney plus 03.03.25,16.06,Ada,Subscriptions,everyday
2026-05-04,07:31,SBB CFF FFS,9.41,Ada,Transport,everyday
2026-05-04,08:46,Sbb Cff Ffs //Zuerich 23.12.26,17.45,Bruno,Transport,everyday
2026-05-04,15:17,GLOBUS,189.18,Ada,Gifts,gift
2026-05-04,16:56,Migros //SCHLIEREN,51.86,Ada,Groceries,everyday
2026-05-05,07:50,Cafe Central,6.67,Bruno,Cafes,trip
2026-05-05,08:54,CAFE BÄCKEREI ZEIT 28.02.25,11.69,Bruno,Cafes,everyday
2026-05-05,09:50,OPTIKER KOCH 20.02.25 CARD*7991,73.34,Bruno,Health,everyday
2026-05-05,13:32,TAVERNA MYKONOS //Porto 24.06.26,42.09,Noemi,Dining,trip
2026-05-05,18:57,bindella ristorante //Zuerich,85.02,Bruno,Dining,date_night
2026-05-05,19:17,MOBILITY //THALWIL,70.42,Noemi,Transport,everyday
2026-05-06,03:39,FITNESSPARK ABO KD.NR 72969623,87.99,Ada,Subscriptions,everyday
2026-05-06,06:45,Hotel Boavista,372.18,Noemi,Travel,trip
2026-05-06,12:54,VOLG NR.5341 TRX 17664270,13.67,Noemi,Groceries,everyday
2026-05-06,13:45,Cafe Spruengli ZUERICH OERLIKON TRX 20770512,28.19,Noemi,Cafes,everyday
2026-05-06,14:39,BLUME 3000/SCHLIEREN,154.10,Ada,Gifts,gift
2026-05-06,18:39,UBER TRIP,9.60,Bruno,Transport,everyday
2026-05-06,20:31,BURGER KING ST GALLEN,27.50,Ada,Dining,everyday
2026-05-07,06:06,SBB RAILAWAY 1844,106.40,Noemi,Travel,trip
2026-05-07,08:11,VICAFE ZH REF 37933256,7.21,Ada,Cafes,everyday
2026-05-07,09:51,IKEA DIETLIKON,254.23,Bruno,Home,everyday
2026-05-07,13:07,Taverna Mykonos,54.63,Ada,Dining,trip
2026-05-07,14:02,CAFE CENTRAL Porto,15.09,Bruno,Cafes,trip
2026-05-07,14:27,spar express KLOTEN,13.45,Noemi,Groceries,everyday
2026-05-07,19:44,bowling center heueried ZH,78.66,Noemi,Entertainment,everyday
2026-05-07,19:54,migros mm zuerich hb,13.87,Ada,Groceries,everyday
2026-05-07,20:05,MOBILITY ZURICH STORE3918 24.09.24,17.30,Ada,Transport,everyday
2026-05-07,21:19,Hallenstadion 6920 CARD*5083,142.42,Noemi,Entertainment,date_night
2026-05-08,02:32,Swisscom FIL.4838,81.03,Bruno,Subscriptions,everyday
2026-05-08,07:40,UBER TRIP 08.07.25 KD.NR 88257216,11.25,Bruno,Transport,everyday
2026-05-08,13:52,MANOR Zuerich CH,76.10,Noemi,Gifts,gift
2026-05-08,19:50,KEBAB HOUSE,24.85,Ada,Dining,date_night
2026-05-09,03:53,SALT MOBILE,49.82,Noemi,Subscriptions,everyday
2026-05-09,09:17,TOPPHARM APOTHEKE BERN,41.95,Noemi,Health,everyday
2026-05-09,09:37,SBB RAILAWAY SUISSE,59.35,Ada,Travel,trip
2026-05-09,19:36,VOLG NO. 71082318,11.06,Ada,Groceries,everyday
2026-05-10,05:13,NETFLIX 6155 27.10.25,20.18,Noemi,Subscriptions,everyday
2026-05-10,19:53,AIRBNB PAYMENTS/ZÜRICH 26.03.24,161.08,Noemi,Travel,trip
2026-05-11,05:48,Serafe,111.51,Noemi,Subscriptions,everyday
2026-05-11,10:47,JUMBO,78.36,Ada,Home,everyday
2026-05-11,18:25,Migrolino 4011,10.33,Ada,Groceries,everyday
2026-05-11,19:10,COOP PRONTO ST GALLEN,22.26,Noemi,Groceries,trip
2026-05-11,19:51,ALDI SUISSE 4677 15.09.26,39.65,Ada,Groceries,everyday
2026-05-11,21:10,ZEUGHAUSKELLER //USTER FIL.647,219.18,Bruno,Dining,date_night
2026-05-12,06:52,SWISS TRAVEL,47.76,Ada,Travel,trip
2026-05-12,11:49,AMAVITA APOTHEKE,51.69,Noemi,Health,everyday
2026-05-12,12:50,LE DEZALEY,136.95,Noemi,Dining,everyday
2026-05-12,13:10,RESTAURANT LINDE STORE8966,195.81,Ada,Dining,everyday
2026-05-12,16:32,VOLG,15.21,Bruno,Groceries,everyday
2026-05-12,16:59,migrolino DIETIKON NR.3324,19.90,Noemi,Groceries,everyday
2026-05-12,18:31,starbucks USTER NR.1692 CARD*7831 SUISSE,4.08,Ada,Cafes,everyday
2026-05-12,22:15,Kaufleuten BERN KD.NR 83645129 CARD*7996,27.60,Bruno,Entertainment,everyday
2026-05-13,04:21,SUNRISE 04.07.24,57.96,Ada,Subscriptions,everyday
2026-05-13,16:28,COOP BAU HOBBY CARD*3572,24.12,Bruno,Home,everyday
2026-05-13,18:30,SUSHI ZEN,74.57,Noemi,Dining,date_night
2026-05-14,09:39,CAFE SPRUENGLI DIETIKON,12.53,Noemi,Cafes,date_night
2026-05-14,15:02,BOOKING.COM,253.91,Noemi,Travel,trip
2026-05-14,17:02,JELMOLI SCHLIEREN 24.05.25 NO. 66617774 CARD*9420,146.33,Bruno,Gifts,gift
2026-05-14,18:40,DENNER Wallisellen,45.80,Bruno,Groceries,everyday
2026-05-14,19:59,sushi zen,45.37,Ada,Dining,date_night
2026-05-14,20:50,PIZZERIA DA MICHELE Zürich 19.01.24 TID 35494688,45.52,Ada,Dining,date_night
2026-05-14,21:25,HALLENSTADION WINTERTHUR CARD*4416,107.44,Ada,Entertainment,date_night
2026-05-15,10:13,STARBUCKS 22.11.24 CARD*4765,5.23,Bruno,Cafes,trip
2026-05-15,16:04,TOPPHARM APOTHEKE,96.46,Bruno,Health,everyday
2026-05-15,16:52,KINO RIFFRAFF Luzern KD.NR 39862951,22.82,Bruno,Entertainment,everyday
2026-05-15,17:10,MIGROS MM ZUERICH HB,20.66,Ada,Groceries,everyday
2026-05-16,10:14,SWISS INTERNATIONAL AIR LINES FIL.7224 REF 26334772,234.38,Noemi,Travel,trip
2026-05-16,12:56,ORELL FUESSLI,61.28,Ada,Gifts,gift
2026-05-16,14:30,BLUME 3000,46.87,Bruno,Gifts,gift
2026-05-16,20:17,Brasserie Lipp Zuerich,111.36,Bruno,Dining,date_night
2026-05-16,21:01,ZOO ZUERICH ZÜRICH FIL.3779 19.12.26,105.26,Ada,Entertainment,date_night
2026-05-16,21:05,PATHE SPREITENBACH FIL.8179,11.36,Noemi,Entertainment,everyday
2026-05-17,18:41,PARKHAUS HOHE PROMENADE //Basel FIL.7727,32.35,Ada,Transport,everyday
2026-05-18,11:00,ALDI SUISSE 8444,34.01,Bruno,Groceries,everyday
2026-05-18,11:04,ORELL FUESSLI 16.05.25,15.92,Noemi,Gifts,gift
2026-05-18,11:13,COOP BAU HOBBY ZUERICH WIEDIKON STORE8431,116.54,Noemi,Home,everyday
2026-05-18,19:22,alnatura zuerich/THALWIL,22.57,Noemi,Groceries,everyday
2026-05-18,19:54,Metzgerei Angst 557,17.37,Noemi,Groceries,everyday
2026-05-18,21:26,KINO ARENA,24.57,Noemi,Entertainment,everyday
2026-05-19,09:50,COFFEE STOP,5.27,Bruno,Cafes,everyday
2026-05-19,19:01,VBZ TICKET ZUERICH OERLIKON,10.55,Bruno,Transport,everyday
2026-05-20,10:18,migros,20.23,Noemi,Groceries,everyday
2026-05-20,13:22,KEBAB HOUSE ZUERICH WIEDIKON 149 CARD*1150,5.83,Noemi,Dining,everyday
2026-05-20,14:31,Manor ZUERICH NR.646,64.63,Noemi,Gifts,date_night
2026-05-20,15:18,COOP ZUERICH OERLIKON,64.41,Bruno,Groceries,everyday
2026-05-20,16:43,MIGROS CARD*1855,33.33,Ada,Groceries,everyday
2026-05-20,21:26,Kaufleuten/THALWIL,23.42,Noemi,Entertainment,everyday
2026-05-21,13:41,COOP NO. 49786373,29.28,Noemi,Groceries,everyday
2026-05-21,15:02,GESCHENKIDEE CH //ZUERICH OERLIKON NR.4312 CARD*2289,53.01,Ada,Gifts,gift
2026-05-21,16:49,COOP PRONTO //WALLISELLEN CARD*6022 CH,16.22,Ada,Groceries,everyday
2026-05-22,06:42,MOBILITY //ZH 18.05.26 TRX 75827006,52.51,Noemi,Transport,everyday
2026-05-22,08:58,LIDL SCHWEIZ,33.64,Bruno,Groceries,everyday
2026-05-22,10:54,SPAR EXPRESS,7.52,Noemi,Groceries,everyday
2026-05-22,14:33,STARBUCKS,7.16,Ada,Cafes,everyday
2026-05-22,18:22,MANOR THALWIL TID 38445272,79.71,Bruno,Gifts,everyday
2026-05-22,20:17,RESTAURANT BLAUE ENTE ZUERICH WIEDIKON 13.10.26,220.19,Ada,Dining,everyday
2026-05-23,11:58,MIGROS MM ZUERICH HB/WALLISELLEN,9.11,Noemi,Groceries,gift
2026-05-23,13:49,BLUMENGALERIE SEEFELD CH,49.60,Ada,Gifts,trip
2026-05-23,16:44,COOP PRONTO //SCHLIEREN,8.21,Bruno,Groceries,everyday
2026-05-23,18:43,Coop Pronto FIL.9852,9.45,Noemi,Groceries,everyday
2026-05-24,13:33,NOOCH ASIAN KITCHEN BASEL FIL.4670,38.08,Bruno,Dining,everyday
2026-05-24,15:07,SWISS INTERNATIONAL AIR LINES,491.71,Ada,Travel,trip
2026-05-24,16:19,HOTEL ADLER 2691 TID 79530412,184.49,Noemi,Travel,trip
2026-05-24,16:50,Pathe Spreitenbach,28.61,Noemi,Entertainment,everyday
2026-05-25,08:25,SWISS INTERNATIONAL AIR LINES DIETIKON STORE583,223.00,Ada,Travel,trip
2026-05-25,09:46,VICAFE KLOTEN,6.10,Ada,Cafes,everyday
2026-05-25,14:44,MEDBASE Wallisellen,75.43,Noemi,Health,everyday
2026-05-25,15:44,Globus,152.95,Noemi,Gifts,everyday
2026-05-25,17:42,Ikea Dietlikon/ZUERICH WIEDIKON,134.75,Noemi,Home,everyday
2026-05-25,19:30,Hiltl,34.60,Noemi,Dining,everyday
2026-05-26,08:18,Coffee Stop ZÜRICH,4.67,Noemi,Cafes,everyday
2026-05-26,09:25,Shell Autobahn Zürich,56.16,Ada,Transport,everyday
2026-05-26,18:00,Zvv 5919 15.07.25,1.00,Ada,Transport,everyday
2026-05-26,19:44,KEBAB HOUSE ZÜRICH,14.20,Noemi,Dining,everyday
2026-05-27,06:09,SBB RAILAWAY NR.6608 25.07.26 NO. 43933070,112.57,Bruno,Travel,trip
2026-05-27,13:48,Obi Baumarkt,136.28,Bruno,Home,everyday
2026-05-27,14:13,MIGROS THALWIL,33.47,Ada,Groceries,everyday
2026-05-27,14:42,CHRIST UHREN SCHMUCK,179.56,Ada,Gifts,gift
2026-05-27,15:01,MIGROS MM ZUERICH HB 26.10.25,36.79,Noemi,Groceries,everyday
2026-05-27,16:49,Apotheke Zur Rose NR.9854,64.68,Ada,Health,everyday
2026-05-27,17:15,ORELL FUESSLI/ST GALLEN FIL.8931 13.07.25,73.35,Bruno,Gifts,gift
2026-05-28,08:30,ZVV SCHLIEREN,5.37,Bruno,Transport,everyday
2026-05-28,11:27,OPTIKER KOCH/Winterthur 9378,72.21,Noemi,Health,everyday
2026-05-28,17:50,Spar Express,34.25,Noemi,Groceries,everyday
2026-05-28,18:24,RESTAURANT SANTA LUCIA //ZH,39.20,Ada,Dining,gift
2026-05-29,06:58,Parkhaus Hohe Promenade WALLISELLEN 9426 NO. 14359236,15.07,Bruno,Transport,everyday
2026-05-29,15:28,LANDI,36.66,Ada,Home,everyday
2026-05-29,16:56,Coffee Stop //USTER 24.01.26 SCHWEIZ,5.28,Ada,Cafes,everyday
2026-05-29,17:34,migros,47.94,Bruno,Groceries,everyday
2026-05-29,22:03,OPERNHAUS ZUERICH NR.2870,89.14,Ada,Entertainment,everyday
2026-05-30,09:43,Migros/WINTERTHUR,32.85,Bruno,Groceries,everyday
2026-05-30,10:18,MOEVENPICK CAFE,8.41,Noemi,Cafes,everyday
2026-05-30,13:18,COOP BAU HOBBY,96.31,Noemi,Home,everyday
2026-05-30,14:10,MEDBASE BERN 05.04.25,79.76,Noemi,Health,everyday
2026-05-30,15:39,SWISS INTERNATIONAL AIR LINES STORE273,392.21,Noemi,Travel,everyday
2026-05-30,18:22,MARKTHALLE BASEL,14.82,Bruno,Groceries,everyday
2026-05-30,20:38,KAUFLEUTEN 11.01.25 CARD*4946 SUISSE,21.14,Ada,Entertainment,date_night
2026-06-01,04:38,SPOTIFY TID 6861886,12.93,Noemi,Subscriptions,everyday
2026-06-01,08:42,CAFE SPRUENGLI ZH,15.91,Ada,Cafes,everyday
2026-06-01,21:09,Restaurant Blaue Ente ZUERICH OERLIKON,73.79,Ada,Dining,date_night
2026-06-02,07:39,MOEVENPICK CAFE KLOTEN 21.06.26,20.45,Ada,Cafes,everyday
2026-06-02,13:37,FLIXBUS Zurich,74.01,Ada,Travel,trip
2026-06-03,11:23,FLIXBUS 27.07.25,8.30,Bruno,Travel,trip
2026-06-03,15:53,EASYJET,237.32,Bruno,Travel,trip
2026-06-03,19:54,PARKHAUS HOHE PROMENADE FIL.8019 CARD*8384,23.38,Noemi,Transport,everyday
2026-06-04,02:16,DISNEY PLUS FIL.9346,15.81,Bruno,Subscriptions,everyday
2026-06-04,03:22,nzz abo 27.10.25,38.82,Bruno,Subscriptions,everyday
2026-06-04,16:04,COOP //ZURICH,25.68,Ada,Groceries,everyday
2026-06-04,16:36,BAECKEREI FISCHER //ZH,5.28,Noemi,Groceries,everyday
2026-06-05,08:20,BOHEMIA CAFE,15.57,Ada,Cafes,everyday
2026-06-05,09:45,BOHEMIA CAFE USTER TRX 14857788,13.35,Ada,Cafes,everyday
2026-06-05,14:59,CAFE SPRUENGLI,11.21,Ada,Cafes,date_night
2026-06-05,17:17,BÄCKEREI HUG ZUERICH,5.81,Bruno,Groceries,everyday
2026-06-05,17:24,baeckerei fischer ZÜRICH KD.NR 6781268,3.03,Ada,Groceries,everyday
2026-06-05,18:16,starbucks ZUERICH WIEDIKON,7.07,Ada,Cafes,everyday
2026-06-05,19:12,SPAR EXPRESS 03.03.24,9.73,Ada,Groceries,everyday
2026-06-05,19:55,MCDONALDS //ST GALLEN,23.64,Bruno,Dining,everyday
2026-06-06,04:11,FITNESSPARK ABO 15.12.26,88.56,Noemi,Subscriptions,everyday
2026-06-06,06:31,SBB CFF FFS,19.66,Ada,Transport,everyday
2026-06-06,08:41,STARBUCKS //ST GALLEN TRX 1083971,9.65,Noemi,Cafes,everyday
2026-06-06,15:46,BOOKING.COM,169.19,Bruno,Travel,trip
2026-06-06,19:05,SBB CFF FFS 26.04.26,61.35,Bruno,Transport,everyday
2026-06-06,19:09,BRASSERIE LIPP ZUERICH,76.08,Bruno,Dining,date_night
2026-06-07,19:03,BOWLING CENTER HEUERIED BASEL,56.73,Ada,Entertainment,everyday
2026-06-07,20:43,RESTAURANT SANTA LUCIA/SCHLIEREN,121.80,Bruno,Dining,date_night
2026-06-08,04:17,SWISSCOM,79.29,Noemi,Subscriptions,everyday
2026-06-08,06:38,SBB CFF FFS,20.07,Bruno,Transport,everyday
2026-06-08,11:05,APOTHEKE ZUR ROSE DIETIKON STORE6546 SCHWEIZ,37.62,Ada,Health,everyday
2026-06-08,11:39,ZEUGHAUSKELLER/ZUERICH WIEDIKON,34.25,Noemi,Dining,trip
2026-06-08,16:25,MIGROS,37.48,Noemi,Groceries,everyday
2026-06-08,18:27,SBB CFF FFS,34.18,Ada,Transport,everyday
2026-06-08,18:30,coffee stop Thalwil 5149 02.08.25,7.68,Noemi,Cafes,everyday
2026-06-09,02:51,SALT MOBILE 7145,50.42,Ada,Subscriptions,everyday
2026-06-09,08:38,STARBUCKS/THALWIL CARD*3317,7.15,Ada,Cafes,everyday
2026-06-09,09:26,Coop Pronto,26.60,Noemi,Groceries,everyday
2026-06-09,10:17,COOP BAU HOBBY Luzern SCHWEIZ,27.68,Ada,Home,everyday
2026-06-09,13:39,MIGROS ZUERICH OERLIKON,70.73,Bruno,Groceries,everyday
2026-06-09,18:46,Manor Zürich 21.05.26,131.42,Bruno,Gifts,gift
2026-06-10,04:47,NETFLIX,19.53,Bruno,Subscriptions,everyday
2026-06-10,12:44,TOPPHARM APOTHEKE 2274 20.01.25 KD.NR 41580308,12.56,Noemi,Health,everyday
2026-06-10,13:17,MIGROS MM ZUERICH HB 27.02.25,22.50,Ada,Groceries,everyday
2026-06-10,13:40,VICAFE/BASEL 25.09.26 CARD*4825,5.01,Noemi,Cafes,everyday
2026-06-10,19:23,Spar Express CARD*7460,11.39,Noemi,Groceries,everyday
2026-06-11,03:36,Serafe 8021,110.30,Bruno,Subscriptions,everyday
2026-06-11,11:09,MEDBASE //ZUERICH OERLIKON,53.35,Bruno,Health,everyday
2026-06-11,18:00,Bohemia Cafe,14.14,Noemi,Cafes,everyday
2026-06-12,08:16,Mobility CARD*8559,20.39,Noemi,Transport,everyday
2026-06-12,11:44,COOP LUZERN,19.60,Bruno,Groceries,everyday
2026-06-12,15:34,zoo zuerich 8606,52.93,Ada,Entertainment,everyday
2026-06-12,19:20,SBB CFF FFS NR.7979,5.04,Bruno,Transport,everyday
2026-06-12,19:48,SPAR EXPRESS,11.10,Ada,Groceries,everyday
2026-06-12,21:44,FLIXBUS NO. 61771391,80.09,Noemi,Travel,trip
2026-06-13,02:27,SUNRISE CARD*7832,58.00,Noemi,Subscriptions,everyday
2026-06-13,06:06,SWISS INTERNATIONAL AIR LINES CH,814.19,Ada,Travel,trip
2026-06-13,07:34,POSTAUTO CARD*9606,7.84,Bruno,Transport,gift
2026-06-13,09:37,Migros ST GALLEN,88.37,Bruno,Groceries,everyday
2026-06-13,12:55,Ikea Dietlikon NR.7834,127.39,Ada,Home,everyday
2026-06-13,13:42,Coop ZÜRICH,14.58,Bruno,Groceries,everyday
2026-06-13,18:44,Brasserie Lipp Zuerich STORE4319,90.97,Ada,Dining,date_night
2026-06-13,19:04,EASYJET,121.16,Noemi,Travel,trip
2026-06-14,12:36,COOP SCHWEIZ,113.86,Ada,Groceries,everyday
2026-06-15,14:31,APOTHEKE ZUR ROSE ZH CARD*7830,55.12,Noemi,Health,everyday
2026-06-15,17:24,MEDBASE WALLISELLEN 25.02.26 TRX 62434287,222.63,Ada,Health,everyday
2026-06-15,18:29,SWISS TRAVEL 7762,133.17,Noemi,Travel,trip
2026-06-16,07:53,CAFETERIA ETH St Gallen,6.86,Ada,Cafes,everyday
2026-06-16,10:51,COOP KLOTEN,65.02,Noemi,Groceries,everyday
2026-06-16,11:58,Zeughauskeller ZUERICH OERLIKON 8003 TRX 32361453,80.69,Noemi,Dining,everyday
2026-06-16,12:23,restaurant santa lucia ST GALLEN 06.06.26 CARD*5227,29.01,Noemi,Dining,trip
2026-06-16,13:05,ZEUGHAUSKELLER 784,118.91,Noemi,Dining,everyday
2026-06-16,18:15,SHELL AUTOBAHN ZUERICH TRX 60641068,166.87,Noemi,Transport,everyday
2026-06-17,15:12,GLOBUS ZUERICH SUISSE,103.41,Ada,Gifts,gift
2026-06-17,15:19,Orell Fuessli FIL.7204,9.91,Bruno,Gifts,gift
2026-06-17,17:08,DENNER DIETIKON STORE9837,12.66,Ada,Groceries,everyday
2026-06-17,17:58,DENNER //SCHLIEREN,8.29,Bruno,Groceries,everyday
2026-06-17,18:23,Cafe Bäckerei Zeit CARD*8445,11.66,Ada,Cafes,everyday
2026-06-17,19:53,Migros KD.NR 22676120,9.58,Ada,Groceries,everyday
2026-06-18,06:47,SWISS INTERNATIONAL AIR LINES/Schlieren 5641 27.10.25,311.22,Ada,Travel,trip
2026-06-18,07:18,GRAND CAFE ODEON/Winterthur 3923,16.08,Bruno,Cafes,everyday
2026-06-18,10:03,STARBUCKS,7.23,Ada,Cafes,everyday
2026-06-18,17:12,Manor,88.40,Bruno,Gifts,gift
2026-06-18,19:58,BRASSERIE LIPP ZUERICH,85.01,Bruno,Dining,everyday
2026-06-19,16:34,POSTAUTO STORE8709 10.10.24,16.22,Ada,Transport,everyday
2026-06-19,17:53,migros mm zuerich hb CARD*8728,23.99,Ada,Groceries,everyday
2026-06-19,18:37,BOLT RIDE 15.09.26,82.87,Bruno,Transport,everyday
2026-06-19,21:36,MCDONALDS //Basel,11.47,Ada,Dining,everyday
2026-06-20,08:40,Sbb Cff Ffs/Thalwil 07.09.26,14.85,Ada,Transport,date_night
2026-06-20,11:00,DENNER 03.11.25,23.45,Noemi,Groceries,everyday
2026-06-20,11:41,Jelmoli ZH STORE2979 TRX 53489556,168.32,Noemi,Gifts,gift
2026-06-20,11:55,migros mm zuerich hb TRX 21536550 CARD*8508,22.58,Bruno,Groceries,everyday
2026-06-20,14:16,Swiss Travel KD.NR 69138399,293.19,Noemi,Travel,trip
2026-06-20,15:13,IKEA DIETLIKON THALWIL,154.32,Bruno,Home,everyday
2026-06-20,18:23,SWISS CHUCHI Luzern,47.60,Noemi,Dining,date_night
2026-06-20,21:18,RESTAURANT SANTA LUCIA //THALWIL SCHWEIZ,69.31,Noemi,Dining,date_night
2026-06-21,19:39,TIBITS REF 42893231,33.20,Bruno,Dining,everyday
2026-06-21,20:34,restaurant zum gruenen glas 20.05.25,50.92,Noemi,Dining,everyday
2026-06-22,12:17,HILTL/Uster,40.42,Ada,Dining,everyday
2026-06-22,15:41,Moevenpick Cafe ZUERICH OERLIKON STORE1813,12.74,Noemi,Cafes,everyday
2026-06-22,16:36,BOHEMIA CAFE/ZÜRICH SCHWEIZ,6.65,Ada,Cafes,everyday
2026-06-22,19:57,Migros,44.20,Ada,Groceries,trip
2026-06-23,08:28,CAFE SPRUENGLI 4476 CARD*9816,29.76,Ada,Cafes,everyday
2026-06-23,08:28,MIGROS,32.92,Ada,Groceries,everyday
2026-06-23,12:37,Micasa/Winterthur,51.51,Ada,Home,everyday
2026-06-23,16:10,MIGROLINO //ZUERICH OERLIKON,30.91,Ada,Groceries,everyday
2026-06-24,13:58,Interflora THALWIL,106.98,Bruno,Gifts,gift
2026-06-24,16:36,migros,25.37,Bruno,Groceries,everyday
2026-06-24,16:59,OPTIKER KOCH //Luzern,243.46,Bruno,Health,everyday
2026-06-24,17:51,PARKHAUS HOHE PROMENADE STORE7864,12.14,Ada,Transport,everyday
2026-06-24,21:56,HOTEL BELLEVUE 09.08.24,102.29,Bruno,Travel,everyday
2026-06-25,08:34,Black Sheep STORE9654,5.35,Bruno,Cafes,trip
2026-06-25,08:40,Hotel Adler ZH 10.10.25 NO. 85343333,71.84,Bruno,Travel,trip
2026-06-25,10:55,BLUMENGALERIE SEEFELD,64.59,Ada,Gifts,gift
2026-06-25,11:28,Medbase FIL.6530,151.95,Bruno,Health,everyday
2026-06-25,13:25,SUSHI ZEN STORE1533,53.77,Ada,Dining,everyday
2026-06-25,17:54,HOTEL BELLEVUE USTER,217.94,Noemi,Travel,trip
2026-06-25,18:56,MIGROLINO BASEL 7515,9.23,Bruno,Groceries,everyday
2026-06-26,12:02,SWISS CHUCHI USTER NR.4848,47.19,Noemi,Dining,everyday
2026-06-27,07:03,Zvv/BASEL,6.00,Ada,Transport,trip
2026-06-27,15:21,MICASA STORE6510 07.01.25 NO. 25949393,144.82,Bruno,Home,everyday
2026-06-27,18:10,Markthalle Basel TID 31110684,19.45,Bruno,Groceries,everyday
2026-06-28,12:00,TIBITS,30.08,Noemi,Dining,everyday
2026-06-28,13:05,Bindella Ristorante CARD*2594,116.04,Bruno,Dining,everyday
2026-06-28,20:38,LE DEZALEY/ZUERICH 4718,195.41,Ada,Dining,date_night
2026-06-29,09:04,COOP ZUERICH OERLIKON KD.NR 28797092,13.20,Ada,Groceries,everyday
2026-06-29,14:58,kino riffraff WALLISELLEN,22.70,Ada,Entertainment,everyday
2026-06-29,20:42,Zeughauskeller ZUERICH OERLIKON,82.86,Noemi,Dining,date_night
2026-06-30,07:55,BLACK SHEEP //Wallisellen 01.05.26,6.22,Noemi,Cafes,everyday
2026-06-30,16:37,Bäckerei Hug BASEL 18.06.25,12.39,Bruno,Groceries,everyday
2026-06-30,17:09,MIGROLINO,16.71,Ada,Groceries,everyday
2026-06-30,20:35,TIBITS KLOTEN,23.39,Noemi,Dining,everyday
2026-07-01,03:58,SPOTIFY 8686 17.10.24 CARD*1669,12.92,Ada,Subscriptions,everyday
2026-07-01,10:15,STARBUCKS Zurich,6.31,Ada,Cafes,date_night
2026-07-01,11:04,coop Basel KD.NR 92337013,52.11,Bruno,Groceries,everyday
2026-07-01,11:18,ORELL FUESSLI/ZH STORE5873,47.23,Noemi,Gifts,gift
2026-07-01,14:16,BLUME 3000,47.09,Ada,Gifts,gift
2026-07-01,16:32,COOP PRONTO/USTER STORE5699,12.88,Ada,Groceries,everyday
2026-07-01,16:57,Shell Autobahn Wallisellen STORE7995,52.26,Ada,Transport,everyday
2026-07-01,20:55,restaurant blaue ente/ZUERICH OERLIKON,126.61,Bruno,Dining,date_night
2026-07-01,21:09,Kebab House KD.NR 18140073,26.71,Bruno,Dining,gift
2026-07-01,21:25,BOOKING.COM,144.09,Bruno,Travel,trip
2026-07-02,10:17,MIGROS FIL.7029,24.34,Ada,Groceries,everyday
2026-07-02,10:59,Christ Uhren Schmuck,355.20,Bruno,Gifts,gift
2026-07-02,12:45,ORELL FUESSLI,30.78,Ada,Gifts,gift
2026-07-02,17:51,GRAND CAFE ODEON,38.61,Bruno,Cafes,everyday
2026-07-03,09:21,MOBILITY ZH TID 53618016 CARD*3611,145.62,Noemi,Transport,everyday
2026-07-03,12:49,INTERFLORA ST GALLEN 7990,85.68,Ada,Gifts,gift
2026-07-03,14:24,Manor NR.9038,52.13,Bruno,Gifts,gift
2026-07-03,16:41,SWISS TRAVEL/DIETIKON STORE4200,68.48,Bruno,Travel,trip
2026-07-03,16:45,EASYJET/ZUERICH WIEDIKON,213.05,Noemi,Travel,trip
2026-07-04,02:45,nzz abo,39.25,Ada,Subscriptions,everyday
2026-07-04,05:36,disney plus 1034,16.16,Ada,Subscriptions,everyday
2026-07-04,13:57,HOTEL ADLER THALWIL STORE8117,232.13,Bruno,Travel,trip
2026-07-04,14:36,GRAND CAFE ODEON ZH 4154,16.54,Bruno,Cafes,everyday
2026-07-04,16:44,Migros 08.01.24 TID 77704425,77.07,Noemi,Groceries,date_night
2026-07-04,18:29,ZEUGHAUSKELLER,70.40,Noemi,Dining,date_night
2026-07-04,18:37,PATHE SPREITENBACH,22.36,Noemi,Entertainment,date_night
2026-07-05,19:10,KINO RIFFRAFF THALWIL,23.60,Noemi,Entertainment,date_night
2026-07-05,20:44,RESTAURANT SANTA LUCIA,144.56,Noemi,Dining,date_night
2026-07-06,03:58,FITNESSPARK ABO,89.38,Ada,Subscriptions,everyday
2026-07-06,13:46,VICAFE ZÜRICH,3.58,Ada,Cafes,everyday
2026-07-06,15:56,BOOKING.COM 444,252.28,Ada,Travel,trip
2026-07-06,21:33,Restaurant Blaue Ente ZUERICH,171.22,Bruno,Dining,date_night
2026-07-07,10:45,CHRIST UHREN SCHMUCK //LUZERN,390.45,Noemi,Gifts,gift
2026-07-07,11:32,MCDONALDS //ZURICH,54.79,Ada,Dining,everyday
2026-07-08,04:42,SWISSCOM 08.09.25,80.03,Bruno,Subscriptions,everyday
2026-07-08,09:20,Cafe Bäckerei Zeit FIL.598,21.79,Ada,Cafes,everyday
2026-07-08,14:11,Optiker Koch,219.72,Bruno,Health,everyday
2026-07-08,17:45,BP TANKSTELLE ST GALLEN,153.92,Noemi,Transport,everyday
2026-07-08,18:59,Migros 3739,22.01,Bruno,Groceries,everyday
2026-07-09,04:56,Salt Mobile,49.93,Bruno,Subscriptions,everyday
2026-07-09,12:40,Blumengalerie Seefeld 7753,49.42,Bruno,Gifts,gift
2026-07-09,13:01,PATHE SPREITENBACH ZUERICH OERLIKON,53.26,Bruno,Entertainment,everyday
2026-07-10,05:50,NETFLIX,20.00,Noemi,Subscriptions,everyday
2026-07-10,09:26,Toppharm Apotheke Dietikon,24.20,Ada,Health,everyday
2026-07-10,15:44,Hornbach ZUERICH OERLIKON 6222 17.02.24,25.91,Bruno,Home,everyday
2026-07-10,15:45,Opernhaus Zuerich 4904,93.31,Noemi,Entertainment,trip
2026-07-10,19:54,MCDONALDS BASEL,6.60,Ada,Dining,everyday
2026-07-11,04:21,SERAFE 16.12.26,109.77,Noemi,Subscriptions,everyday
2026-07-11,12:12,RESTAURANT ZUM GRUENEN GLAS Dietikon STORE5547,67.33,Bruno,Dining,everyday
2026-07-11,13:52,OPERNHAUS ZUERICH 966,111.29,Noemi,Entertainment,everyday
2026-07-11,14:32,COOP ZH TRX 25009122,37.40,Noemi,Groceries,everyday
2026-07-11,17:27,Migros THALWIL,26.32,Bruno,Groceries,everyday
2026-07-11,18:07,ALDI SUISSE,14.11,Ada,Groceries,everyday
2026-07-11,19:41,Restaurante Do Fado PRAG,66.24,Noemi,Dining,everyday
2026-07-11,21:39,HILTL 4663 23.05.25 CARD*1981,25.99,Noemi,Dining,everyday
2026-07-12,11:30,OSTERIA DEL BORGO PRAG,119.38,Ada,Dining,trip
2026-07-12,13:02,RESTAURANT BLAUE ENTE FIL.4004,215.42,Bruno,Dining,everyday
2026-07-12,13:09,AIRBNB PAYMENTS PRAG 9831,251.17,Ada,Travel,trip
2026-07-12,13:34,Starbucks FIL.5191 CH,6.83,Ada,Cafes,everyday
2026-07-12,13:36,kebab house WINTERTHUR CARD*6283,35.49,Ada,Dining,everyday
2026-07-12,15:08,SCHAUSPIELHAUS FIL.9875 CARD*9226 SUISSE,65.75,Ada,Entertainment,everyday
2026-07-12,18:56,METRO TICKET,4.99,Bruno,Transport,trip
2026-07-12,20:28,SBB RAILAWAY,80.39,Bruno,Travel,trip
2026-07-13,04:08,SUNRISE,59.45,Noemi,Subscriptions,everyday
2026-07-13,07:34,SBB CFF FFS,11.14,Bruno,Transport,everyday
2026-07-13,09:16,Cafe Bäckerei Zeit,7.67,Ada,Cafes,everyday
2026-07-13,14:48,CHRIST UHREN SCHMUCK //SCHLIEREN,740.41,Ada,Gifts,gift
2026-07-13,14:58,COOP //LUZERN STORE1709,30.75,Noemi,Groceries,everyday
2026-07-13,18:09,SBB CFF FFS,12.10,Ada,Transport,everyday
2026-07-13,18:43,OSTERIA DEL BORGO PRAG,28.03,Noemi,Dining,trip
2026-07-13,19:47,MIGROLINO,8.28,Bruno,Groceries,everyday
2026-07-13,19:51,Zeughauskeller,72.72,Bruno,Dining,everyday
2026-07-14,07:04,RENFE VIAJEROS NR.126 CARD*9212,34.44,Ada,Transport,trip
2026-07-14,10:09,PASTELARIA BELEM //Prag FIL.9632,11.37,Bruno,Cafes,trip
2026-07-14,12:26,Toppharm Apotheke,32.89,Ada,Health,everyday
2026-07-14,17:56,IKEA DIETLIKON Basel SUISSE,121.78,Noemi,Home,everyday
2026-07-14,20:03,OSTERIA DEL BORGO //PRAG,106.99,Noemi,Dining,trip
2026-07-14,20:35,SBB CFF FFS,17.47,Ada,Transport,trip
2026-07-15,07:40,CAFE CENTRAL PRAG TRX 84369150 CARD*8849,9.68,Noemi,Cafes,trip
2026-07-15,08:27,renfe viajeros 14.12.26,29.14,Ada,Transport,gift
2026-07-15,15:23,Postauto ZÜRICH 11.08.26 CARD*5203,11.73,Ada,Transport,everyday
2026-07-15,16:18,SOCAR TANKSTELLE,61.92,Ada,Transport,everyday
2026-07-15,16:38,COOP,38.93,Ada,Groceries,everyday
2026-07-15,18:16,Osteria Del Borgo/Prag SUISSE,145.40,Ada,Dining,trip
2026-07-15,19:30,Trattoria Da Nino Wien,60.18,Bruno,Dining,trip
2026-07-16,12:36,RESTAURANT BLAUE ENTE CARD*3354,128.75,Ada,Dining,everyday
2026-07-16,14:11,AIRBNB PAYMENTS //PRAG,210.48,Bruno,Travel,trip
2026-07-16,16:42,MARKTHALLE BASEL,23.62,Noemi,Groceries,date_night
2026-07-16,16:59,CAFETERIA ETH/ZURICH 4219,11.18,Noemi,Cafes,everyday
2026-07-16,17:35,PASTELARIA BELEM WIEN 20.06.25,7.10,Noemi,Cafes,trip
2026-07-16,18:16,ZEUGHAUSKELLER,52.16,Noemi,Dining,date_night
2026-07-16,20:19,HOTEL SCHWEIZERHOF STORE3126 REF 85878770 SUISSE,458.20,Bruno,Travel,trip
2026-07-17,07:27,AEROPORTO TAXI Wien KD.NR 37904491,112.32,Ada,Transport,trip
2026-07-17,12:18,BRASSERIE GEORGES //WIEN,53.18,Ada,Dining,trip
2026-07-17,14:19,APOTHEKE ZUR ROSE SCHLIEREN CARD*5508,24.97,Noemi,Health,everyday
2026-07-17,14:33,amavita apotheke ZÜRICH,14.89,Ada,Health,everyday
2026-07-17,15:56,JELMOLI BERN,98.76,Noemi,Gifts,gift
2026-07-17,16:47,MIGROLINO,13.35,Ada,Groceries,everyday
2026-07-17,18:23,NOOCH ASIAN KITCHEN/DIETIKON 3098,25.89,Bruno,Dining,date_night
2026-07-17,19:53,KAUFLEUTEN NR.1742 CARD*5818 SUISSE,31.83,Noemi,Entertainment,date_night
2026-07-17,21:50,Kino Arena,39.83,Noemi,Entertainment,everyday
2026-07-18,08:48,CITY BIKE RENT Wien,26.60,Noemi,Transport,trip
2026-07-18,10:55,Coop Bau Hobby ZUERICH OERLIKON,62.50,Bruno,Home,everyday
2026-07-18,13:54,SOUVENIR SHOP/WIEN,12.32,Ada,Gifts,trip
2026-07-18,16:14,ZVV REF 61627849,3.77,Noemi,Transport,trip
2026-07-19,07:18,Metro Ticket WIEN 190 18.02.25,8.27,Ada,Transport,trip
2026-07-19,09:09,VICAFE STORE4015 NO. 78630046,8.68,Noemi,Cafes,everyday
2026-07-19,15:10,MOEVENPICK CAFE Dietikon,8.67,Noemi,Cafes,everyday
2026-07-19,18:18,Mercado Artesanal,74.53,Ada,Gifts,trip
2026-07-19,20:57,MUSEU NACIONAL 11.01.25,52.44,Ada,Entertainment,trip
2026-07-20,08:02,MOEVENPICK CAFE 3873 TID 2883188 SUISSE,10.53,Ada,Cafes,everyday
2026-07-20,10:56,BP TANKSTELLE FIL.4478,44.94,Bruno,Transport,everyday
2026-07-20,10:56,Socar Tankstelle,55.60,Noemi,Transport,everyday
2026-07-20,13:21,black sheep ZÜRICH,5.81,Bruno,Cafes,everyday
2026-07-20,14:19,Migrolino KLOTEN,5.37,Bruno,Groceries,everyday
2026-07-20,19:23,kino arena,18.79,Noemi,Entertainment,everyday
2026-07-20,20:59,Zeughauskeller SCHLIEREN 16.08.24,59.04,Bruno,Dining,gift
2026-07-21,17:39,Coffee Stop LUZERN,5.47,Bruno,Cafes,everyday
2026-07-22,08:49,COFFEE STOP 07.07.25,4.20,Bruno,Cafes,everyday
2026-07-22,09:00,MEDBASE USTER,128.35,Noemi,Health,everyday
2026-07-22,13:44,Mcdonalds TRX 66352264,15.32,Ada,Dining,everyday
2026-07-22,14:36,MICASA 9624 07.02.25 CARD*4004,166.30,Ada,Home,everyday
2026-07-22,16:58,ORELL FUESSLI,28.12,Ada,Gifts,gift
2026-07-23,08:05,BÄCKEREI HUG SCHWEIZ,7.15,Noemi,Groceries,everyday
2026-07-23,14:08,CHRIST UHREN SCHMUCK ZÜRICH 03.12.25 SUISSE,170.28,Ada,Gifts,everyday
2026-07-23,21:40,Zeughauskeller Luzern 5268,109.60,Noemi,Dining,everyday
2026-07-24,09:03,MIGROLINO ZÜRICH 365,29.64,Noemi,Groceries,everyday
2026-07-24,09:24,Vicafe 2907,4.38,Ada,Cafes,everyday
2026-07-24,20:16,KINO RIFFRAFF Zürich SCHWEIZ,20.57,Noemi,Entertainment,date_night
2026-07-25,08:57,COOP PRONTO //USTER,16.12,Bruno,Groceries,everyday
2026-07-25,12:07,MANOR/ST GALLEN 21.08.24,32.47,Ada,Gifts,gift
2026-07-25,15:23,migros ZURICH 02.02.25,34.35,Noemi,Groceries,everyday
2026-07-25,16:45,HORNBACH,126.66,Ada,Home,everyday
2026-07-25,17:10,COOP BAU HOBBY Thalwil,58.91,Bruno,Home,everyday
2026-07-26,12:45,MCDONALDS //BERN 5032 27.11.25,7.37,Noemi,Dining,everyday
2026-07-27,18:17,LANDI STORE1721 18.08.25,16.83,Bruno,Home,everyday
2026-07-27,19:18,ALDI SUISSE ST GALLEN 17.07.25 TRX 24161839,12.35,Ada,Groceries,gift
2026-07-27,21:39,BURGER KING SCHLIEREN,27.42,Ada,Dining,everyday
2026-07-27,21:43,PIZZERIA DA MICHELE CARD*2883,47.41,Bruno,Dining,everyday
2026-07-28,08:44,COFFEE STOP Zurich,6.72,Ada,Cafes,everyday
2026-07-28,13:26,Starbucks 3620,6.91,Bruno,Cafes,everyday
2026-07-28,13:26,Swiss Travel,75.53,Bruno,Travel,everyday
2026-07-28,13:47,MANOR KD.NR 20812782,146.94,Ada,Gifts,gift
2026-07-28,16:50,BOOKING.COM USTER,283.40,Ada,Travel,trip
2026-07-28,18:03,black sheep //LUZERN,12.76,Bruno,Cafes,everyday
2026-07-28,19:40,HILTL,32.99,Bruno,Dining,everyday
2026-07-28,19:59,BINDELLA RISTORANTE,103.82,Bruno,Dining,date_night
2026-07-29,09:30,ZAHNARZT ZENTRUM OERLIKON ZUERICH OERLIKON 06.08.24,215.15,Noemi,Health,everyday
2026-07-29,12:53,TAVERNA MYKONOS MADRID,91.43,Noemi,Dining,trip
2026-07-29,14:22,APOTHEKE ZUR ROSE //ZUERICH,33.88,Bruno,Health,everyday
2026-07-29,18:37,Bistro Le Petit Madrid,120.26,Noemi,Dining,trip
2026-07-30,09:32,JUMBO TRX 93652860,137.61,Ada,Home,everyday
2026-07-30,13:38,BRASSERIE GEORGES 19.05.25,89.96,Bruno,Dining,trip
2026-07-30,18:30,TIBITS BERN 20.10.24,11.52,Noemi,Dining,everyday
2026-07-30,18:33,Opernhaus Zuerich BERN,103.14,Noemi,Entertainment,date_night
2026-07-31,07:08,Uber Trip,6.27,Noemi,Transport,everyday
2026-07-31,09:53,APOTHEKE ZUR ROSE //BASEL,17.58,Noemi,Health,trip
2026-07-31,12:14,RESTAURANTE DO FADO,128.16,Noemi,Dining,trip
2026-07-31,13:59,ZAHNARZT ZENTRUM OERLIKON Zuerich,126.22,Bruno,Health,everyday
2026-07-31,18:48,RENFE VIAJEROS MADRID 16.12.24 SUISSE,71.10,Noemi,Transport,everyday
2026-07-31,19:06,mcdonalds LUZERN STORE377,24.16,Noemi,Dining,everyday
2026-07-31,19:33,SUSHI ZEN St Gallen TRX 74465506,85.76,Ada,Dining,date_night
2026-07-31,19:42,HILTL,94.91,Bruno,Dining,everyday
2026-07-31,19:54,SWISS CHUCHI //ZURICH STORE7543,81.56,Ada,Dining,date_night
2026-07-31,20:14,UBER TRIP 22.11.26,12.71,Bruno,Transport,everyday
2026-08-01,05:02,SPOTIFY 4215,12.87,Ada,Subscriptions,everyday
2026-08-01,06:50,MOBILITY 2971,65.49,Bruno,Transport,everyday
2026-08-01,08:23,HOTEL ADLER,156.47,Ada,Travel,trip
2026-08-01,09:34,cafe central,11.46,Ada,Cafes,trip
2026-08-01,13:15,KRONENHALLE,99.77,Bruno,Dining,everyday
2026-08-01,13:21,Volg ZH,6.17,Bruno,Groceries,everyday
2026-08-01,14:39,zvv ZUERICH FIL.535,4.13,Bruno,Transport,everyday
2026-08-01,16:45,BAECKEREI FISCHER CH,8.74,Noemi,Groceries,everyday
2026-08-01,20:10,TIBITS BERN FIL.2003,14.53,Bruno,Dining,everyday
2026-08-01,20:44,pathe spreitenbach Zuerich,24.53,Bruno,Entertainment,date_night
2026-08-01,21:12,ZOO ZUERICH //ST GALLEN,43.43,Bruno,Entertainment,everyday
2026-08-02,19:07,bistro le petit //MADRID,58.25,Ada,Dining,trip
2026-08-02,20:21,BINDELLA RISTORANTE,101.24,Noemi,Dining,date_night
2026-08-02,20:33,RESTAURANT SANTA LUCIA USTER CARD*8602,86.75,Ada,Dining,date_night
2026-08-02,20:52,RESTAURANTE DO FADO/Madrid NR.5071 14.02.24 TID 92422692,79.48,Bruno,Dining,gift
2026-08-03,08:42,SBB RAILAWAY ZUERICH WIEDIKON,95.29,Noemi,Travel,trip
2026-08-03,12:50,MIGROLINO SCHWEIZ,12.98,Bruno,Groceries,trip
2026-08-03,13:19,Apotheke Zur Rose ZÜRICH STORE7522,60.93,Bruno,Health,everyday
2026-08-03,14:13,cafe spruengli //ZUERICH WIEDIKON,31.36,Ada,Cafes,everyday
2026-08-03,17:36,COFFEE STOP,3.95,Bruno,Cafes,everyday
2026-08-04,02:34,NZZ ABO,38.81,Noemi,Subscriptions,everyday
2026-08-04,04:14,DISNEY PLUS,15.61,Bruno,Subscriptions,everyday
2026-08-04,08:20,ALNATURA ZUERICH 11.07.25,19.87,Ada,Groceries,everyday
2026-08-04,08:25,VICAFE/BERN,4.92,Ada,Cafes,everyday
2026-08-04,18:17,Globus TID 65438636,115.91,Bruno,Gifts,gift
2026-08-04,20:49,KRONENHALLE/Zuerich Wiedikon,328.63,Ada,Dining,date_night
2026-08-05,08:40,Vbz Ticket/ZÜRICH STORE7540 07.11.26,2.81,Noemi,Transport,everyday
2026-08-05,10:17,IKEA DIETLIKON 05.06.25,99.20,Noemi,Home,everyday
2026-08-05,12:08,MIGROS,41.95,Bruno,Groceries,everyday
2026-08-05,12:09,ZEUGHAUSKELLER //BASEL SCHWEIZ,94.41,Bruno,Dining,everyday
2026-08-05,12:15,OPTIKER KOCH/Luzern 9206,171.08,Bruno,Health,everyday
2026-08-05,16:15,ZAHNARZT ZENTRUM OERLIKON DIETIKON NR.2977 23.04.26,237.32,Bruno,Health,everyday
2026-08-05,16:40,VBZ TICKET,3.34,Ada,Transport,everyday
2026-08-06,05:49,FITNESSPARK ABO 25.01.25,88.32,Ada,Subscriptions,everyday
2026-08-06,06:35,PARKHAUS HOHE PROMENADE //WALLISELLEN,32.70,Bruno,Transport,everyday
2026-08-06,08:59,CAFETERIA ETH ST GALLEN,3.43,Noemi,Cafes,everyday
2026-08-06,11:13,COOP BAU HOBBY,64.23,Ada,Home,everyday
2026-08-06,11:24,Globus/BERN 3521,41.64,Noemi,Gifts,gift
2026-08-06,17:20,Migros CARD*8417 SCHWEIZ,85.53,Noemi,Groceries,everyday
2026-08-07,07:01,STARBUCKS 1312,10.06,Ada,Cafes,everyday
2026-08-07,09:03,COOP USTER,8.12,Ada,Groceries,everyday
2026-08-07,13:21,Hotel Adler/SCHLIEREN,57.94,Noemi,Travel,everyday
2026-08-07,16:03,trenitalia/LAAX CH STORE3452 CARD*7895,11.20,Noemi,Transport,trip
2026-08-07,18:31,MIGROS MM ZUERICH HB 1325,24.03,Ada,Groceries,everyday
2026-08-07,18:33,SBB CFF FFS,8.59,Noemi,Transport,everyday
2026-08-07,20:49,Osteria Del Borgo,54.67,Bruno,Dining,trip
2026-08-07,20:51,BISTRO LE PETIT LAAX CH 8174,39.43,Noemi,Dining,trip
2026-08-07,21:16,BINDELLA RISTORANTE STORE8778,82.45,Ada,Dining,date_night
2026-08-08,02:25,Swisscom,80.31,Bruno,Subscriptions,everyday
2026-08-08,15:03,TEATRO ROMANO,29.23,Ada,Entertainment,trip
2026-08-08,17:29,LANDI DIETIKON,35.50,Noemi,Home,everyday
2026-08-08,21:36,ZEUGHAUSKELLER 7673 TID 96576873 CARD*5132,99.82,Ada,Dining,date_night
2026-08-09,03:59,SALT MOBILE,49.50,Ada,Subscriptions,everyday
2026-08-09,07:00,cafeteria eth BERN 4347 REF 35221553,5.35,Bruno,Cafes,everyday
2026-08-09,20:07,MUSEU NACIONAL LAAX CH,23.58,Noemi,Entertainment,trip
2026-08-09,21:30,GUIDED CITY TOUR LAAX CH STORE4396,49.84,Ada,Entertainment,trip
2026-08-09,22:28,kino riffraff,48.55,Noemi,Entertainment,date_night
2026-08-10,02:21,NETFLIX,19.86,Noemi,Subscriptions,trip
2026-08-10,14:30,MOEVENPICK CAFE 05.08.26,7.22,Ada,Cafes,everyday
2026-08-10,18:19,METRO TICKET/LAAX CH STORE7746,9.45,Bruno,Transport,trip
2026-08-10,18:27,BISTRO LE PETIT Laax Ch,81.69,Bruno,Dining,trip
2026-08-11,02:59,serafe 07.04.24 TRX 31011398,113.30,Bruno,Subscriptions,everyday
2026-08-11,08:13,CAFE SPRUENGLI 1686 TRX 59040090,11.19,Ada,Cafes,everyday
2026-08-11,08:55,CAFE SPRUENGLI,17.61,Ada,Cafes,everyday
2026-08-11,14:10,VICAFE KLOTEN,6.28,Noemi,Cafes,everyday
2026-08-11,18:29,MIGROLINO,3.91,Bruno,Groceries,everyday
2026-08-12,14:56,Micasa 6979,52.50,Noemi,Home,everyday
2026-08-12,17:26,SBB CFF FFS //WINTERTHUR,17.30,Ada,Transport,everyday
2026-08-12,20:21,PATHE SPREITENBACH ZURICH CARD*2945,16.50,Noemi,Entertainment,everyday
2026-08-13,02:24,SUNRISE,58.65,Bruno,Subscriptions,everyday
2026-08-13,17:01,BAECKEREI FISCHER 5551,9.69,Bruno,Groceries,everyday
2026-08-13,18:32,RESTAURANT LINDE NR.473,72.21,Ada,Dining,date_night
2026-08-13,19:45,COOP ZUERICH WIEDIKON,15.39,Ada,Groceries,everyday
2026-08-14,08:02,HOTEL SCHWEIZERHOF //ZUERICH OERLIKON,104.98,Bruno,Travel,trip
2026-08-14,08:28,COOP //LUZERN FIL.3853 TID 99300984,41.17,Noemi,Groceries,everyday
2026-08-14,09:16,denner FIL.3175,29.20,Ada,Groceries,everyday
2026-08-14,11:35,VOLG STORE4901,13.47,Ada,Groceries,everyday
2026-08-14,11:42,PFISTER MOEBEL STORE9504,255.90,Ada,Home,everyday
2026-08-14,11:43,Toppharm Apotheke //DIETIKON,29.91,Noemi,Health,trip
2026-08-14,20:56,Kaufleuten 4380 01.11.24,29.49,Bruno,Entertainment,trip
2026-08-15,14:56,ORELL FUESSLI,42.69,Ada,Gifts,gift
2026-08-15,20:31,SUSHI ZEN KLOTEN,37.89,Noemi,Dining,date_night
2026-08-16,08:54,BLACK SHEEP BASEL TID 27173508,7.46,Ada,Cafes,date_night
2026-08-16,14:11,KINO RIFFRAFF //LUZERN 2307,36.10,Ada,Entertainment,date_night
2026-08-16,21:55,KAUFLEUTEN LUZERN FIL.6591,29.58,Noemi,Entertainment,trip
2026-08-17,06:45,BOLT RIDE //ZURICH,30.61,Bruno,Transport,everyday
2026-08-17,07:07,Sbb Cff Ffs/BERN SCHWEIZ,40.13,Noemi,Transport,everyday
2026-08-18,12:49,COOP PRONTO NR.2574,13.13,Bruno,Groceries,date_night
2026-08-18,12:53,MIGROS FIL.8398 TRX 46835559,18.70,Ada,Groceries,everyday
2026-08-18,17:50,socar tankstelle,126.88,Noemi,Transport,everyday
2026-08-18,18:26,migros BERN 9173,25.48,Bruno,Groceries,everyday
2026-08-18,18:27,RESTAURANT LINDE DIETIKON 03.02.26 REF 53318984,74.16,Bruno,Dining,everyday
2026-08-19,11:55,GLOBUS 01.12.26,171.44,Noemi,Gifts,gift
2026-08-19,19:57,VOLG NR.45,9.81,Noemi,Groceries,everyday
2026-08-20,07:39,Coffee Stop THALWIL,3.81,Noemi,Cafes,everyday
2026-08-20,12:26,PHYSIOTHERAPIE SEEFELD FIL.4246 CARD*8841,55.25,Bruno,Health,everyday
2026-08-20,12:41,Apotheke Zur Rose,24.03,Noemi,Health,date_night
2026-08-20,12:53,sushi zen 2487,143.94,Bruno,Dining,everyday
2026-08-20,15:40,physiotherapie seefeld Zuerich Wiedikon 2400,110.86,Bruno,Health,everyday
2026-08-21,08:19,Swiss International Air Lines USTER NR.5445 CARD*7838,131.92,Bruno,Travel,trip
2026-08-21,08:42,Cafe Spruengli/WALLISELLEN 14.07.26,18.70,Ada,Cafes,everyday
2026-08-21,11:10,IKEA DIETLIKON 26.02.26,52.13,Ada,Home,everyday
2026-08-21,16:33,VBZ TICKET/BERN,4.62,Bruno,Transport,everyday
2026-08-21,21:35,RESTAURANT BLAUE ENTE,118.35,Noemi,Dining,everyday
2026-08-22,13:02,KINO RIFFRAFF Dietikon STORE9005,15.72,Noemi,Entertainment,everyday
2026-08-22,13:56,BOWLING CENTER HEUERIED,25.69,Bruno,Entertainment,everyday
2026-08-22,17:00,Migros KLOTEN,22.32,Bruno,Groceries,everyday
2026-08-22,22:06,HALLENSTADION DIETIKON NR.2859,151.59,Bruno,Entertainment,everyday
2026-08-23,12:47,ZEUGHAUSKELLER/THALWIL 23.06.24,132.52,Noemi,Dining,everyday
2026-08-23,13:38,TIBITS,15.51,Ada,Dining,everyday
2026-08-23,19:26,TEATRO ROMANO,23.74,Bruno,Entertainment,trip
2026-08-23,20:00,SUSHI ZEN Zuerich,59.75,Ada,Dining,date_night
2026-08-24,15:20,DEPOT ZUERICH KLOTEN 3850,26.28,Ada,Home,everyday
2026-08-24,18:35,UBER TRIP FIL.9692,10.73,Ada,Transport,everyday
2026-08-24,20:13,Bistro Le Petit,83.90,Ada,Dining,gift
2026-08-25,11:15,Micasa,212.85,Noemi,Home,everyday
2026-08-25,12:32,AIRBNB PAYMENTS 09.04.25,312.33,Ada,Travel,trip
2026-08-25,13:25,DEPOT ZUERICH ZURICH NR.577,91.97,Bruno,Home,everyday
2026-08-25,13:45,ORELL FUESSLI ZÜRICH,41.04,Ada,Gifts,gift
2026-08-25,19:58,Markthalle Basel //Zh 18.12.25,21.88,Noemi,Groceries,everyday
2026-08-26,06:48,Socar Tankstelle Zuerich Wiedikon,71.80,Bruno,Transport,everyday
2026-08-26,07:09,RENFE VIAJEROS 9635 06.01.24,21.47,Bruno,Transport,trip
2026-08-26,13:13,apotheke zur rose,23.93,Ada,Health,everyday
2026-08-26,13:22,Cafe De Flore //LOCARNO NR.6086,12.51,Noemi,Cafes,trip
2026-08-27,06:41,METRO TICKET STORE6957,4.72,Bruno,Transport,trip
2026-08-27,08:23,SBB CFF FFS //WINTERTHUR NR.1942,18.65,Noemi,Transport,everyday
2026-08-27,11:57,RESTAURANT SANTA LUCIA,45.35,Ada,Dining,everyday
2026-08-27,12:37,restaurante do fado //Locarno TID 32011152 CH,40.21,Bruno,Dining,trip
2026-08-27,17:47,MANOR ZH 2797,180.92,Noemi,Gifts,gift
2026-08-27,18:57,ALNATURA ZUERICH THALWIL,36.78,Ada,Groceries,everyday
2026-08-27,20:01,KRONENHALLE,138.84,Bruno,Dining,date_night
2026-08-27,21:53,Teatro Romano //Locarno FIL.7840,33.27,Ada,Entertainment,everyday
2026-08-28,08:59,ZVV Zuerich,3.82,Ada,Transport,everyday
2026-08-28,17:13,ZVV ZÜRICH 26.06.25,2.62,Noemi,Transport,everyday
2026-08-28,18:38,hotel boavista 13.03.25 CARD*2032,377.93,Noemi,Travel,trip
2026-08-28,18:49,PATHE SPREITENBACH,66.95,Bruno,Entertainment,date_night
2026-08-28,19:56,TRATTORIA DA NINO/LOCARNO,113.44,Noemi,Dining,trip
2026-08-28,21:51,Guided City Tour //LOCARNO 18.03.25,26.11,Bruno,Entertainment,trip
2026-08-29,07:49,KAFFEEHAUS SPERL,18.48,Bruno,Cafes,everyday
2026-08-29,11:26,MIGROS BERN,23.13,Ada,Groceries,everyday
2026-08-29,11:47,PIZZERIA DA MICHELE USTER 16.09.26,70.09,Bruno,Dining,everyday
2026-08-29,13:06,VOLG SUISSE,51.19,Bruno,Groceries,everyday
2026-08-29,16:46,SBB CFF FFS KD.NR 66966251,22.52,Ada,Transport,everyday
2026-08-29,18:09,Spar Express CARD*2643 CH,38.31,Bruno,Groceries,everyday
2026-08-29,18:27,Migros Mm Zuerich Hb ZUERICH NO. 51024621,24.02,Noemi,Groceries,trip
2026-08-29,18:27,volg 7455,26.03,Bruno,Groceries,everyday
2026-08-29,18:55,COOP FIL.2469 07.04.25,54.31,Noemi,Groceries,everyday
2026-08-29,21:19,KEBAB HOUSE NR.2129,21.17,Noemi,Dining,everyday
2026-08-29,22:11,Opernhaus Zuerich DIETIKON,224.75,Ada,Entertainment,date_night
2026-08-30,07:17,cafe de flore //LOCARNO 04.02.25,11.96,Ada,Cafes,everyday
2026-08-30,09:51,Pastelaria Belem //LOCARNO NR.6012 TRX 22584210,5.87,Noemi,Cafes,trip
